FID,ShedAreakm,SiteID,Stream,SiteName,SiteID_1,SiteName_1,Project,TYPE,MGMT2,Stream_1,Drain_Dens,Ave_Ann_CW,Ave_Annual,Ave_Basin_,MTBS_mod_s,MTBS_high_,Harv_Inten,Harv_Int_1,Harv_Int_2,RoadLength,RoadDens_k,ShedArea_1,PCT_HIGH_h,PCT_MOD_ha,PCT_MTBS_m,PCT_MTBS_h,Pct_NFS,MeanBF,MeanBankAn,MeanWDTran,MeanStab,Mgmt,MeanGrad,MeanPoolDp,MeanPoolFr,MeanD50,MeanPoolPc,MeanPTFine,MeanLWFrq,MeanUnCutP
0,4.8715901,114,Logan,025-08-I,114,025-08-I,CRB,I,M,Logan,0.800196,337.457005,706.902867,936.710855,0,0,1.05131,0.832807,0.436261,8.17326,1.67774,4.87159,21.580368,17.095173,0,0,97.054726,2.9425,98.25,10.2,96.305,Managed,2.1645,0.193127,124.283182,0.013625,45.83438,42.7875,570.3325,42.67
1,88.3387985,120,N. Callahan,025-20-I,120,025-20-I,CRB,I,M,N. Callahan,1.77251,220.315178,1387.758024,1468.549389,0,0,0.527055,0.032926,0.393257,14.8912,0.16857,88.338798,0.596629,0.037272,0,0,100.000077,19.613333,126.666667,29.845,94.493333,Managed,2.572,0.373501,39.742635,0.144167,33.950187,1.24,243.323333,24.116667
2,39.887001,115,Ross,025-10-I,115,025-10-I,CRB,I,R,Ross,1.26555,224.056851,1482.925896,1519.554962,3.34997,1.31681,0,0,0,0,0,39.887001,0,0,8.398646,3.301348,100.000061,10.6,135.25,26.73,98.2425,Reference,2.189,0.404213,27.231346,0.119,32.751684,2.77,423.2,12.5925
3,38.4449005,119,O'Brien,025-19-I,119,025-19-I,CRB,I,M,O'Brien,1.22581,225.017745,1156.850995,1499.203471,0,0,3.95806,3.6831,2.83566,64.1421,1.66842,38.444901,10.295407,9.580205,0,0,100.00006,8.4875,116,24.643333,96.7725,Managed,1.19525,0.453972,42.696255,0.041125,52.918039,10.29,421.9725,28.775
4,19.1488991,1779,W.F. Quartz,027-10-I,1779,027-10-I,CRB,I,R,W.F. Quartz,1.53825,238.799204,1150.643864,1501.286238,0,0,0,0,0,5.63921,0.294492,19.148899,0,0,0,0,100.000154,7.296667,104.666667,15.776667,97.656667,Reference,3.228,0.311488,36.144913,0.072333,25.803128,3.91,477.586667,40.663333
5,38.6090012,1278,Granite,030-03-I,1278,030-03-I,CRB,I,R,Granite,1.29849,180.959427,1904.456947,1741.215201,2.74322,1.68683,0,0,0,0,0,38.609001,0,0,7.105135,4.369016,99.394777,13.876667,120,27.386667,99.243333,Reference,2.583667,0.56,13.086861,0.087833,23.400352,1.166667,340.77,21.31
6,18.1408997,1282,Big Cherry,030-12-I,1282,030-12-I,CRB,I,M,Big Cherry,2.04804,209.686198,1717.194632,1631.399622,0,0,0,0,0,0,0,18.1409,0,0,0,0,99.851925,10,107.333333,21.01,96.896667,Managed,2.544667,0.272275,37.673652,0.077333,56.071996,13.933333,451.125,35.336667
7,3.6672201,1780,Carrie,027-13-I,1780,027-13-I,CRB,I,R,Carrie,1.81771,302.298668,764.611252,1341.942636,0,0,0.00007,0,0.00007,0,0,3.66722,0.001908,0,0,0,99.999992,2.496667,85.333333,8.566667,97.413333,Reference,2.824,0.212658,145.971276,0.017667,43.007453,34.976667,616.296667,55.09
8,23.5529995,126,West Branch Big,027-19-IS,126,027-19-IS,CRB,IS,R,West Branch Big,1.11977,248.377269,899.579738,1554.285533,0,0,0.021342,0,0.020985,0.18875,0.008014,23.552999,0.090613,0,0,0,99.916849,5.928182,82.181818,14.48,95.183636,Reference,0.4855,0.667088,34.216759,0.0249,81.418811,18.546,732.408182,57.924545
9,37.4515991,125,East Branch Big,027-14-I,125,027-14-I,CRB,I,M,East Branch Big,1.33064,250.401175,857.385262,1590.90641,3.71305,0.676726,8.67386,0,5.25255,59.2687,1.58254,37.451599,23.160177,0,9.914273,1.806936,100.000051,7.065,110.75,22.055,90.125,Managed,1.10975,0.264667,45.942387,0.0595,49.443127,3.866667,175.71,25.1675
10,33.3815994,131,Parsnip,028-13-I,131,028-13-I,CRB,I,M,Parsnip,1.03398,258.993441,723.941766,1433.135252,0.22437,0.103595,7.65186,2.20585,10.3378,30.8686,0.92472,33.381599,22.92238,6.607975,0.672136,0.310337,99.999979,7.4175,96,28.46,97.87,Managed,2.143,0.364688,62.95574,0.06075,45.275485,2.3575,654.466667,45.74
11,16.9048004,1782,Alexander,029-01-I,1782,029-01-I,CRB,I,M,Alexander,1.42984,317.553622,600.420769,1279.651372,0,0,2.39805,0.304756,1.22869,19.706,1.1657,16.9048,14.18559,1.80278,0,0,100.000157,3.633333,111.333333,13.99,98.246667,Managed,3.158667,0.178889,64.910418,0.039833,24.533442,10.093333,377.666667,32
12,80.0078964,132,Sutton,028-14-I,132,028-14-I,CRB,I,M,Sutton,0.8881,246.347406,927.147456,1574.259478,0,0,23.1334,20.3276,9.34753,127.212,1.59,80.007896,28.913857,25.406977,0,0,99.999875,7.1325,112.25,22.6225,97.53,Managed,2.56,0.329021,54.9894,0.134,38.636017,6.4625,228.436667,27.335
13,56.1488991,128,Wigwam,028-05-I,128,028-05-I,CRB,I,M,Wigwam,0.963215,185.969217,1515.158505,1833.586232,0,0,0.118409,0.810435,0.118409,32.1773,0.573071,56.148899,0.210883,1.443367,0,0,99.26555,11.2675,115,21.585,96.87,Managed,1.6455,0.22,12.366297,0.11725,14.543741,1.343333,278.705,26.5675
14,14.0183001,145,Lake,035-02-I,145,035-02-I,CRB,I,R,Lake,0.87492,271.806165,1103.983637,1505.515082,0,0,0.165878,0,0,2.4152,0.172288,14.0183,1.183297,0,0,0,95.5838,10.02,121,27.995,99.4325,Reference,3.43675,0.330527,58.945179,0.06975,37.124683,9.18,1178.385,20.385
15,10.9883003,147,Miller,035-04-I,147,035-04-I,CRB,I,M,Miller,1.27482,325.824542,900.197784,1301.306269,0,0,0.13505,0.981697,0.086849,10.5712,0.962039,10.9883,1.229038,8.934017,0,0,100.000317,4.2,114.75,15.4925,99.4325,Managed,1.94825,0.283668,57.484461,0.04275,29.480092,11.8675,181.135,24.6575
16,87.4016037,110,Pete,024-04-I,110,024-04-I,CRB,I,M,Pete,0.993472,261.574059,771.943999,1330.560779,0,0,12.9977,12.822,0.780867,184.725,2.11352,87.401604,14.871259,14.670205,0,0,100.000058,9.66,113,30.45,99.52,Managed,2.20175,0.253125,19.226815,0.137875,15.457668,1.465,98.235,29.265
17,13.3219995,1778,Flattail,027-06-I,1778,027-06-I,CRB,I,R,Flattail,1.31959,251.055951,1022.227264,1411.971288,0,0,0,0.000386,0,4.70543,0.353208,13.322,0,0.002899,0,0,98.657929,4.506667,85.666667,10.503333,95.91,Reference,1.254667,0.369651,60.559663,0.013667,55.467497,35.953333,873.71,53.983333
18,29.7695999,113,Beaver,024-07-I,113,024-07-I,CRB,I,M,Beaver,0.893369,249.966624,961.285104,1388.776138,0,0,2.9438,3.58074,0.557667,48.5201,1.62986,29.7696,9.8886,12.028177,0,0,98.571796,5.45,98,27.05,99.166667,Managed,2.067333,0.260043,58.624202,0.045,37.774441,6.766667,494.67,47.063333
19,37.4986,108,E.F. Yaak,024-02-I,108,024-02-I,CRB,I,M,E.F. Yaak,1.18622,205.011041,985.600169,1643.501512,4.54714,1.47561,8.22134,2.57899,4.1179,88.9568,2.37227,37.4986,21.9244,6.877568,12.126168,3.935094,100.000133,5.7375,95,20.855,97.685,Managed,1.987,0.302114,46.834908,0.058125,40.029274,6.54,508.233333,47.9975
20,52.2736015,1768,Long Canyon,016-20-I,1768,016-20-I,CRB,I,R,Long Canyon,0.650185,88.314477,1613.735497,1734.814267,0,0,0,0,0.00681,0,0,52.273601,0,0,0,0,100.000453,12.36,97,19.79,98.413333,Reference,1.197333,0.580661,27.734214,0.07,47.622476,10.413333,837.003333,43.846667
21,30.6457005,80,Ball,016-09-I,80,016-09-I,CRB,I,M,Ball,0.930617,115.233775,1497.930832,1726.548775,0,0,0.561907,0.422303,2.29033,13.476,0.439736,30.645701,1.83356,1.378018,0,0,100.000001,9.82,83.5,16.6675,95.965,Managed,0.57375,0.604091,36.546875,0.020625,68.054428,13.09,875.1875,55.4025
22,21.9242001,105,Boulder,023-09-I,105,023-09-I,CRB,I,M,Boulder,2.6605,203.638758,1145.220578,1502.951813,0,0,0,0,0,0.701514,0.031997,21.9242,0,0,0,0,99.999787,12.7775,114.5,29.325,97.8075,Managed,1.4175,0.508889,30.117422,0.04225,39.177755,4.913333,319.825,32.1325
23,68.4820023,2304,Deer,023-01-I,2304,023-01-I,CRB,I,M,Deer,1.29777,205.74206,1006.301002,1462.272167,0,0,0.825047,6.03376,10.5082,45.5885,0.665701,68.482002,1.204765,8.810719,0,0,100.000263,18.566667,122.666667,37.17,97.726667,Managed,2.898333,0.465119,16.011026,0.0895,17.68081,1.303333,446.383333,19.68
24,38.9662018,112,Canuck,024-06-I,112,024-06-I,CRB,I,M,Canuck,0.986749,161.650271,951.822701,1635.230906,0,0,2.89463,9.34048,11.0154,65.4426,1.67947,38.966202,7.42856,23.970713,0,0,100.000185,9.295,101,23.515,100,Managed,1.9845,0.332351,43.149323,0.1205,31.599391,2.7525,173.3175,38.0075
25,26.0419998,107,American,024-01-I,107,024-01-I,CRB,I,M,American,1.07362,119.640285,1049.458414,1793.023745,0,0,0.352761,2.84535,0.706246,16.1404,0.619784,26.042,1.354586,10.92599,0,0,99.999994,9.305,90,23.5825,99.4325,Managed,1.77325,0.325938,24.959557,0.071875,19.919236,4.3325,720.66,53.5075
26,2.27913,229,Twin Lakes,051-11-I,229,051-11-I,CRB,I,R,Twin Lakes,0.371699,239.291374,927.156657,2714.027189,0,0,0,0,0,0,0,2.27913,0,0,0,0,99.876809,4.1225,78.5,10.086667,95.455,Reference,1.95275,0.322167,61.379645,0.075125,34.584167,25.395,196.45,65.3325
27,20.6257,240,Lost,053-08-I,240,053-08-I,CRB,I,R,Lost,0.952318,315.377821,860.834692,2398.487421,0,0,0,0,0,0.071882,0.003485,20.6257,0,0,0,0,99.675217,4.4575,83.5,13.7775,99.405,Reference,2.8575,0.283455,42.401382,0.05775,30.733287,22.9875,409.92,57.9075
28,41.5917015,226,Foster,051-06-I,226,051-06-I,CRB,I,M,Foster,1.05372,336.493321,868.715756,2311.076111,0,0,0.450364,0.140913,0.386721,21.4545,0.515835,41.591701,1.082821,0.338801,0,0,98.617929,6.045,105.75,14.186667,95.8625,Managed,2.41225,0.327696,48.281911,0.0665,33.058249,14.6375,80.565,38.7975
29,51.3436012,234,Rock,052-14-IS,234,052-14-IS,CRB,IS,R,Rock,0.820782,304.132518,1022.27999,2387.266559,0,0,0,0,0,9.15081,0.178227,51.343601,0,0,0,0,99.579699,8.366667,100.083333,17.081818,97.008333,Reference,0.557417,0.611989,34.980026,0.047667,68.823044,9.5525,167.499167,40.709167
30,12.1120005,253,M.F. Rock,054-18-I,253,054-18-I,CRB,I,R,M.F. Rock,1.44862,321.048491,990.513158,2368.046801,1.09067,7.07011,0,0,0,0,0,12.112001,0,0,9.004894,58.372772,99.841598,5.73,77.333333,13.705,91.413333,Reference,2.98,0.329889,80.380448,0.031333,48.402693,5.743333,952.543333,67.463333
31,19.406601,251,Copper,054-11-I,251,054-11-I,CRB,I,M,Copper,0.984218,340.341925,920.755003,2297.957727,1.72201,6.90382,0,0,0,0,0,19.406601,0,0,8.873331,35.574573,99.58,6.3325,93,16.793333,91.5625,Managed,0.8475,0.343292,39.586684,0.043375,50.636431,19.13,46.8875,54.0375
32,43.8031006,246,E.F. Rock,054-06-I,246,054-06-I,CRB,I,R,E.F. Rock,1.05611,298.681632,875.501211,2467.880379,0,0,0,0,0,0,0,43.803101,0,0,0,0,99.715702,8.4725,85.75,15.433333,93.205,Reference,1.213667,0.607614,40.917338,0.0425,65.758334,5.3875,883.9725,61.6525
33,22.8903999,2101,Greenough,055-03-I,2101,055-03-I,CRB,I,M,Greenough,1.2589,427.686793,712.361208,1624.700484,0,0,1.4883,0.295833,0,29.7963,1.35013,22.8904,6.501844,1.29239,0,0,96.412164,3.273333,104.333333,10.12,99.123333,Managed,2.976,0.209127,33.589304,0.056,13.673127,4.09,65.406667,36.27
34,88.4860992,2248,Ranch,055-19-I,2248,055-19-I,CRB,I,M,Ranch,1.15154,373.929287,809.693694,1952.62658,0.84461,1.15287,0,0,0,4.53835,0.051289,88.486099,0,0,0.954511,1.302877,99.450319,6.163333,101.666667,11.8,100,Managed,2.008,0.16,10.928479,0.0755,8.971074,0.22,21.98,31.843333
35,43.4146004,256,Brewster,055-09-I,256,055-09-I,CRB,I,M,Brewster,1.34053,412.716944,726.350146,1752.173013,0.363498,0.116795,0,0.011695,0,39.2255,0.903509,43.4146,0,0.026939,0.837271,0.269022,96.59861,4.274,113.6,12.748,99.166,Managed,1.6684,0.278171,73.650915,0.0266,51.710681,15.688,166.172,24.918
36,13.4077997,293,Spring Gulch,060-21-I,293,060-21-I,CRB,I,R,Spring Gulch,1.48546,440.610089,753.475213,1555.970496,0,0,0,0.264881,0,0,0,13.4078,0,1.975572,0,0,99.999803,2.443333,96.333333,8.255,95.42,Reference,3.234667,0.198191,105.67717,0.024,37.717328,17.253333,194.576667,42.016667
37,61.718399,289,Rattlesnake,060-06-I,289,060-06-I,CRB,I,M,Rattlesnake,0.87476,320.822624,1226.143815,2018.752135,0,0,0,0,0,12.4214,0.201502,61.718399,0,0,0,0,99.879684,11.18,118.333333,19.64,97.1,Managed,1.992333,0.376061,23.822638,0.177333,30.4273,1.223333,160.76,25.533333
38,47.8778,308,St. Regis,063-12-I,308,063-12-I,CRB,I,M,St. Regis,2.36659,303.536293,1256.724731,1531.348496,0,0,2.64223,0.124658,0.260824,51.9813,1.08571,47.8778,5.518697,0.260367,0,0,95.944887,11.985,105.25,32.77,96.9225,Managed,1.23775,0.374583,18.490564,0.062625,29.700729,6.52,203.7575,37.4425
39,103.1500015,306,Twelvemile,063-09-I,306,063-09-I,CRB,I,M,Twelvemile,5.00935,356.84258,955.985219,1424.088709,0,0,7.69483,6.08308,4.32056,123.237,1.19473,103.150002,7.459841,5.89731,0,0,100.00028,8.9325,119.25,17.1,98.795,Managed,1.15275,0.478333,27.722111,0.071125,45.787364,4.366667,144.9925,31.66
40,107.9150009,307,Little Joe,063-11-I,307,063-11-I,CRB,I,M,Little Joe,4.22878,343.556236,1156.741353,1494.783623,0,0,9.86336,6.81122,5.15489,133.274,1.23499,107.915001,9.139935,6.311648,0,0,99.999981,10.245,119,27.05,96.535,Managed,1.19175,0.482708,22.556623,0.059125,42.330881,7.916667,282.863333,29.3875
41,57.4211006,2141,Trout,062-06-I,2141,062-06-I,CRB,I,M,Trout,1.03058,318.814236,1764.366263,1775.653047,0,0,1.97699,0.17725,0.359253,37.1122,0.646316,57.421101,3.442976,0.308685,0,0,99.580421,13.946667,103.333333,23.98,99.243333,Managed,1.372,0.523016,24.532416,0.140333,30.519498,1.87,244.373333,41.666667
42,60.6459007,302,N.F. Fish,062-10-IS,302,062-10-IS,CRB,IS,R,N.F. Fish,1.37033,338.326012,1692.095154,1728.300005,0.72782,0.178185,0,0.000302,0,0,0,60.645901,0,0.000498,1.200114,0.293812,99.999974,11.295833,119.333333,33.377273,95.125,Reference,1.572167,0.344787,22.783748,0.080917,28.045832,5.085833,330.395,27.448333
43,36.0539017,1295,Siegel,033-15-I,1295,033-15-I,CRB,I,M,Siegel,1.52485,365.796763,910.000524,1482.435264,0,0,0.003935,0.268771,0.000708,22.3923,0.621448,36.053902,0.010914,0.745469,0,0,99.940656,4.796667,131.333333,17.216667,98.64,Managed,2.994,0.096,25.575448,0.063333,8.644501,3.83,136.13,13.58
44,39.4878006,2197,Straight,062-13-I,2197,062-13-I,CRB,I,M,Straight,1.56179,323.675496,1725.101614,1789.788376,0.984757,0.47306,0,0,0,0,0,39.487801,0,0,2.493826,1.197989,100.000008,10.01,120.666667,25.36,99.206667,Managed,2.365,0.360917,42.734555,0.0885,49.525768,2.44,293.696667,30.596667
45,59.6104012,303,W.F. Fish,062-11-I,303,062-11-I,CRB,I,R,W.F. Fish,1.04054,340.004542,1624.637447,1759.760099,0.942964,1.87389,0,0,0,0,0,59.610401,0,0,1.581878,3.143568,100.000269,15.065,105.75,29.6275,99.405,Reference,1.3535,0.713042,11.985005,0.077,22.09435,7.6975,783.805,38.165
46,24.7863998,2158,Deep,062-05-I,2158,062-05-I,CRB,I,M,Deep,1.23651,386.916639,945.455903,1515.404352,0,0,0.962194,2.70654,0.736417,62.3095,2.51386,24.7864,3.881942,10.919461,0,0,95.573157,2.5,107.666667,10.906667,99.166667,Managed,2.456,0.166644,120.864692,0.043,27.823149,3.693333,89.113333,32.856667
47,90.3778,2188,Cache,062-17-I,2188,062-17-I,CRB,I,M,Cache,1.15542,352.517458,1455.971763,1749.706123,0,0,0,0.160305,0,0.104453,0.001156,90.3778,0,0.177372,0,0,100.000104,13.856667,92.333333,22.97,100,Managed,1.888333,0.489167,13.941512,0.123,22.901168,5.843333,445.27,53.59
48,45.6519012,301,Burdette,062-04-I,301,062-04-I,CRB,I,M,Burdette,2.41867,396.397403,969.833803,1588.222677,0,0,0,0,0,3.54585,0.077672,45.651901,0,0,0,0,99.986186,4.0225,111.25,17.0425,98.37,Managed,1.2025,0.359389,59.576192,0.027375,53.432768,20.47,129.7375,31.9975
49,23.7555008,299,S.F. Petty,061-08-I,299,061-08-I,CRB,I,M,S.F. Petty,1.49365,409.223909,829.988205,1554.806467,0,0,1.19958,0,0,13.8525,0.583129,23.755501,5.049682,0,0,0,100.00009,5.28,123.75,22.3725,99.405,Managed,1.54575,0.2698,63.332161,0.02725,46.109868,6.645,172.9575,18.54
50,52.024601,2149,Rye,058-14-I,2149,058-14-I,CRB,I,M,Rye,1.71969,439.657033,620.899878,1845.711607,0,0,6.10278,4.2024,1.75029,187.691,3.60773,52.024601,11.730557,8.077723,0,0,97.0916,4.87,119.333333,10.69,99.186667,Managed,2.009,0.268252,75.171127,0.008333,56.639315,39.885,548.533333,21.563333
51,7.85149,269,Cameron,057-03-I,269,057-03-I,CRB,I,M,Cameron,1.65879,391.483384,768.245385,2069.332738,0,0,0,4.04613,0,26.6394,3.39291,7.85149,0,51.533215,0,0,100.000232,2.81,83,7.6825,95.12,Managed,2.0115,0.296349,117.661525,0.0025,54.288988,54.6075,703.7,56.7675
52,11.1731997,2189,Plant,055-08-I,2189,055-08-I,CRB,I,M,Plant,0.987023,434.186263,786.652355,1631.848725,0,0,0.812935,0.201051,0,15.4357,1.3815,11.1732,7.27576,1.799406,0,0,99.999298,2.29,94,8.69,99.243333,Managed,2.313,0.206429,75.743195,0.012667,21.632419,31.116667,104.53,45.91
53,76.1009979,282,Burnt Fork Bitterroot,059-06-I,282,059-06-I,CRB,I,M,Burnt Fork Bitterroot,1.11962,333.40975,906.399747,2167.981296,0.004973,0.009765,0.125373,0,0.125373,20.2576,0.266193,76.100998,0.164745,0,0.006535,0.012831,99.999847,7.4275,87.75,11.556667,99.375,Managed,2.13325,0.378667,18.755505,0.125125,15.57735,1.02,165.3425,55.2225
54,81.3258972,274,Martin,057-11-I,274,057-11-I,CRB,I,M,Martin,1.59097,390.440806,785.111484,2077.132354,0,0,0.639187,9.41668,0.878113,113.89,1.40042,81.325897,0.785957,11.578939,0,0,99.999973,9.505,81.5,20.41,99.3425,Managed,1.63,0.283839,24.629066,0.062,28.078267,9.2525,418.475,58.745
55,143.4049988,268,E.F. Bitterroot,057-01-I,268,057-01-I,CRB,I,M,E.F. Bitterroot,1.28603,370.417488,831.385045,2190.866244,13.5201,23.4559,0.328596,0,0.241538,5.19257,0.036385,143.404999,0.229139,0,9.427889,16.356438,99.517523,12.025,90.75,17.51,95.9375,Managed,1.286,0.46247,21.817747,0.092125,35.52882,6.2775,195.63,42.6675
56,14.8866997,288,North,060-03-I,288,060-03-I,CRB,I,M,North,2.94694,360.947096,1368.900954,1787.191276,0,0,0.198299,0.006173,0,2.42584,0.162953,14.8867,1.332053,0.041467,0,0,100.000373,6.04,78.5,13.663333,97.065,Managed,2.60675,0.302278,68.401188,0.021375,49.001068,36.3075,1038.9175,62.665
57,82.5626984,287,E.F. Lolo,060-01-IK,287,060-01-IK,CRB,IK,M,E.F. Lolo,2.17343,394.006101,1190.645718,1710.796918,0.197119,0.117156,2.84668,3.13781,0,98.1076,1.18828,82.562698,3.447897,3.800522,0.238751,0.1419,99.941149,7.835,102.75,16.493333,99.375,Managed,1.049667,0.415655,27.882823,0.06225,46.65556,14.1775,123.966667,39.5875
58,17.3050995,291,Cloudburst,060-10-I,291,060-10-I,CRB,I,M,Cloudburst,1.29317,391.831148,966.196558,1638.706133,0,0,0.895662,0.029108,0.054277,10.7021,0.618432,17.3051,5.175714,0.168203,0,0,100.000272,3.323333,87.333333,10.01,91.883333,Managed,3.533333,0.180476,26.252297,0.055333,11.190302,13.87,224.88,53.016667
59,14.7800999,266,No Name,056-10-I,266,056-10-I,CRB,I,R,No Name,1.26343,372.795126,1198.789039,2136.62912,0,0,0,0,0,0,0,14.7801,0,0,0,0,99.999917,5.01,100,15.923333,99.405,Reference,1.33,0.394265,69.135542,0.021625,61.027552,17.5125,250.1175,45.5925
60,38.6175003,278,Blodgett,058-07-I,278,058-07-I,CRB,I,R,Blodgett,0.744405,329.830745,1499.282369,2095.080325,0,0,0,0,0,0,0,38.6175,0,0,0,0,100.000112,12.835,90.5,20.215,93.1825,Reference,0.258333,0.673839,28.140444,0.01925,82.82555,17.49,2588.555,49.26
61,25.6306,279,S.F. Bear,059-02-I,279,059-02-I,CRB,I,R,S.F. Bear,0.639225,318.102101,1413.350749,2101.840962,0,0,0,0,0,0,0,25.6306,0,0,0,0,100.000045,9.3325,91.5,16.593333,99.4175,Reference,1.3865,0.449396,36.713907,0.072,37.16965,5.0675,311.355,46.415
62,36.4289017,286,Mill,059-17-I,286,059-17-I,CRB,I,R,Mill,0.816767,333.289536,1418.124212,2073.465259,0,0,0,0,0,0,0,36.428902,0,0,0,0,100.000148,11.4925,80.5,14.973333,95.8325,Reference,0.357,0.853631,24.357021,0.01375,72.778747,24.563333,1904.275,60.7275
63,8.1506996,281,Sheafman,059-05-I,281,059-05-I,CRB,I,R,Sheafman,0.877268,312.124424,1395.873845,2228.393342,0,0,0,0,0,0,0,8.1507,0,0,0,0,100.000193,4.85,81.25,9.26,96.4,Reference,1.0825,0.310909,70.587451,0.021875,56.213272,42.2525,876.785,55.215
64,7.82546,265,Took,056-07-I,265,056-07-I,CRB,I,M,Took,1.52295,478.322436,667.698176,1690.053827,0,0,0.519691,1.84139,0,47.5409,6.07516,7.82546,6.641029,23.530729,0,0,99.999919,1.6,105.666667,6.86,94.626667,Managed,1.902667,0.192353,151.846705,0.009,50.101826,25.17,49.903333,33.13
65,24.6592999,262,Chicken,056-03-I,262,056-03-I,CRB,I,M,Chicken,1.54423,398.346595,936.907291,2050.268683,0,0,0,0,0,0,0,24.6593,0,0,0,0,100.000288,4.165,97.5,10.82,97.5,Managed,1.383,0.301573,73.016411,0.035,56.475441,18.72,357.0675,43.4875
66,58.8997993,267,Deer,056-11-I,267,056-11-I,CRB,I,R,Deer,1.50477,389.667706,978.994568,2093.344175,0.37013,0.663013,0,0.530897,0.014171,10.9545,0.186082,58.899799,0,0.901356,0.628407,1.125663,99.947876,6.5925,108.25,17.266667,95.2675,Reference,1.51825,0.37504,33.565064,0.0485,40.321401,23.535,454.0575,32.7675
67,92.2228012,264,W.F. Bitterroot,056-06-I,264,056-06-I,CRB,I,M,W.F. Bitterroot,1.56877,393.794578,913.757691,2110.301559,12.1502,27.8109,3.78471,3.61103,4.41306,95.3694,1.03628,92.222801,4.103872,3.915553,13.174857,30.156179,99.153396,7.2475,88.75,15.716667,98.0775,Managed,0.994,0.403089,36.06183,0.032625,45.587824,42.6575,536.15,53.8975
68,6.2307701,280,Bass,059-04-I,280,059-04-I,CRB,I,M,Bass,0.425279,280.30663,1545.502991,2234.471745,0.192451,0.053085,0,0,0,0,0,6.23077,0,0,3.088727,0.851987,99.051062,5.8,76.25,8.743333,99.4575,Managed,0.39125,0.698884,30.200811,0.002,82.722323,76.5,909.6275,65.735
69,55.9510002,2168,South Lost Horse,058-08-I,2168,058-08-I,CRB,I,R,South Lost Horse,0.67696,353.857375,1465.359539,2047.028167,0,0,0,0,0,0,0,55.951,0,0,0,0,100.000497,11.313333,84.333333,14.7,99.243333,Reference,0.865667,0.462778,29.600596,0.092833,51.718468,9.736667,256.62,52.276667
70,52.3848991,2229,Roaring Lion,058-05-I,2229,058-05-I,CRB,I,R,Roaring Lion,1.01119,332.974478,1554.177877,2104.655279,0.396239,0.036,0,0,0,0,0,52.384899,0,0,0.756399,0.068722,99.999898,11.776667,84.333333,14.863333,99.276667,Reference,0.373667,0.959083,21.88455,0.052,84.213418,12.6,688.75,56.09
71,71.2481995,283,Big,059-07-I,283,059-07-I,CRB,I,M,Big,0.850349,327.121424,1278.879911,2037.370599,0,0,0,0,0,0,0,71.248199,0,0,0,0,99.661465,14.52,79,17.083333,95.27,Managed,0.56975,0.383583,18.952812,0.051625,44.420734,12.8825,477.28,61.4475
72,19.2635994,276,N.F. Trapper,057-19-I,276,057-19-I,CRB,I,R,N.F. Trapper,0.742658,333.562892,1327.12066,2255.940791,0,0,0,0,0,0,0,19.263599,0,0,0,0,100.000286,7.2575,83.75,12.25,91.9025,Reference,0.475,0.487372,53.641352,0.01,69.334143,32.5175,1012.665,56.21
73,20.4552002,2234,Chaffin,058-11-I,2234,058-11-I,CRB,I,R,Chaffin,1.26295,315.491464,1269.799686,2312.190765,0,0,0,0,0,0,0,20.4552,0,0,0,0,99.999918,6.193333,97.333333,11.946667,97.533333,Reference,2.905333,0.283472,56.428563,0.080667,39.716208,3.893333,450.353333,43.86
74,80.8150024,2102,Tin Cup,058-12-I,2102,058-12-I,CRB,I,M,Tin Cup,0.732388,359.556211,1372.10339,2085.213138,0,0,0.05835,0.793057,0.005764,2.37713,0.029434,80.815002,0.072202,0.981324,0,0,99.074766,14.263333,109,20.14,100,Managed,1.163667,0.631204,30.993237,0.172,63.513344,5.4,321.643333,24.47
75,72.8771973,285,Kootenai,059-10-I,285,059-10-I,CRB,I,R,Kootenai,1.21065,326.424501,1192.140806,2019.278601,5.81873,5.71016,0,0.022461,0,0.05148,0.000706,72.877197,0,0.03082,7.984289,7.83532,100.000041,12.17,114.5,16.586667,98.81,Reference,2.20025,0.488607,20.020198,0.149,21.074756,0.365,183.39,23.7475
76,37.6124992,272,Piquett,057-05-I,272,057-05-I,CRB,I,M,Piquett,1.46338,384.69831,930.785265,2055.311002,0,0,0.790902,0.754117,1.21847,29.1144,0.774063,37.612499,2.102765,2.004963,0,0,99.999984,8.6975,100,22.2125,98.8225,Managed,3.702,0.309069,50.973229,0.063625,28.303215,22.29,946.405,42.5575
77,71.0338974,261,Overwhich,056-02-I,261,056-02-I,CRB,I,R,Overwhich,1.37295,383.618187,945.368799,2137.211412,0,0,0.182664,0,0.182664,6.81796,0.096142,71.033897,0.257151,0,0,0,99.83351,9.1575,105.5,19.46,96.59,Reference,1.8465,0.367125,25.585652,0.06325,28.979598,12.535,579.7775,35.67
78,24.3292007,2205,Little Sleeping Child,058-04-I,2205,058-04-I,CRB,I,M,Little Sleeping Child,2.89899,435.895715,586.49342,1752.222247,0,0,8.80088,0.14485,2.40039,63.0425,2.59123,24.329201,36.174133,0.595373,0,0,99.070657,4.05,106,12.733333,99.206667,Managed,1.742,0.254698,102.630389,0.017833,43.325269,42.383333,268.25,34.68
79,88.3021011,275,Warm Springs,057-15-I,275,057-15-I,CRB,I,M,Warm Springs,1.17157,393.426024,901.664112,2061.515448,0,0,0,0,0.734511,7.0398,0.079724,88.302101,0,0,0,0,99.999949,8.97,111.333333,20.986667,90.91,Managed,0.880333,0.457857,28.159907,0.0565,47.941415,11.803333,42.91,34.746667
80,43.9352989,206,Clearwater,047-11-I,206,047-11-I,CRB,I,M,Clearwater,1.66102,371.917398,1100.021285,1763.177293,0,0,1.52751,6.04921,0.128111,28.9786,0.659574,43.935299,3.47673,13.768442,0,0,99.038347,10.0075,105.25,26.815,92.7225,Managed,1.53675,0.477861,39.333899,0.052875,53.215662,11.243333,88.8925,37.8225
81,75.0671997,1316,Dunham,048-07-I,1316,048-07-I,CRB,I,M,Dunham,1.04036,361.902426,980.738083,1878.479827,15.121,23.524,2.42372,0,0.026678,34.4242,0.458578,75.0672,3.228736,0,20.143349,31.337282,99.999819,13.033333,109.333333,29.583333,95.993333,Managed,0.872667,0.512937,26.685372,0.050667,52.738143,8.766667,440.866667,33.693333
82,7.9253302,1794,Second,047-01-I,1794,047-01-I,CRB,I,M,Second,0.858836,390.297295,1199.836163,1715.253278,0.54613,0.493918,0.722529,0.408317,0.719738,15.9954,2.02817,7.92533,9.116709,5.152047,6.890939,6.232143,99.511519,4.113333,91.333333,13.09,95.696667,Managed,2.316667,0.259201,101.392118,0.026333,52.47894,14.56,486.706667,49.39
83,9.7286997,204,Colt,047-06-I,204,047-06-I,CRB,I,M,Colt,1.28963,410.783102,932.035625,1533.058037,0,0,0.72952,0.203814,0.040591,13.0219,1.3385,9.7287,7.498643,2.094981,0,0,99.999705,3.71,97.5,7.065,98,Managed,0.89075,0.452261,84.384544,0.0025,85.164288,66.8,392.855,40.995
84,16.4349003,1318,Falls,048-18-I,1318,048-18-I,CRB,I,M,Falls,1.10249,335.516314,1070.373596,2011.248349,3.27677,9.12818,0,0,0,0,0,16.4349,0,0,19.937874,55.541431,99.999819,5.323333,112.333333,14.02,97.58,Managed,2.945667,0.250379,39.087586,0.071667,22.348151,5.653333,73.153333,32.66
85,35.7201004,196,Lake,045-20-I,196,045-20-I,CRB,I,M,Lake,2.09382,342.181661,930.756321,1985.22241,6.57998,10.2896,0,0,0,0,0,35.7201,0,0,18.420935,28.806251,99.265868,6.57,127.25,20.7525,96.905,Managed,1.50475,0.203167,57.210942,0.042125,38.408057,7.3,543.605,17.8725
86,6.1341701,1314,Grouse,048-05-I,1314,048-05-I,CRB,I,M,Grouse,1.18184,408.140499,1101.03875,1640.743058,0.010145,0.000976,0.979798,0.783873,0.123855,9.44791,1.54203,6.13417,15.972796,12.778796,0.165381,0.015917,99.882473,2.296667,105.333333,8.376667,99.206667,Managed,3.524,0.17039,88.857087,0.046833,36.419037,9.62,211.503333,32.646667
87,9.7223101,1312,Mccabe,048-01-I,1312,048-01-I,CRB,I,M,Mccabe,1.54898,346.495037,992.81401,1987.402593,1.65355,3.48528,0,0,0,0,0,9.72231,0,0,17.007801,35.848259,100.000247,5.12,97,15.59,100,Managed,2.899,0.198528,59.153524,0.050167,36.927251,14.453333,285.643333,51.8
88,67.9759979,1796,Morrell,047-08-I,1796,047-08-I,CRB,I,M,Morrell,9.01576,377.603152,993.827643,1784.718386,16.8388,9.97152,2.68264,5.51313,0.197005,48.9227,0.719706,67.975998,3.946455,8.110406,24.77173,14.66918,98.821043,12.56,106.666667,18.386667,97.433333,Managed,1.191,0.377333,32.492919,0.064333,44.794686,13.906667,823.396667,36.166667
89,20.0804005,1317,Gold,048-16-I,1317,048-16-I,CRB,I,M,Gold,0.821698,337.92538,1330.753797,1964.834478,2.8077,3.22075,0,0,0,0,0,20.0804,0,0,13.982287,16.039278,98.853789,7.47,77.333333,12.043333,93.863333,Managed,0.4315,0.394723,56.329253,0.0065,70.345213,36.943333,1375.793333,64.113333
90,3.1923699,1319,Trib of W.F. Gold,048-19-I,1319,048-19-I,CRB,I,M,Trib of W.F. Gold,0.839196,342.958868,1284.406677,1989.617952,0,0,0.171031,0,0.171031,0.818965,0.256538,3.19237,5.357503,0,0,0,100.00003,3.193333,94.333333,10.066667,100,Managed,3.556333,0.213537,113.237325,0.035167,38.198737,9.93,386.33,47.786667
91,26.9594002,1795,Camp,047-07-I,1795,047-07-I,CRB,I,M,Camp,1.46777,404.108985,877.927208,1684.817609,1.20817,0.319109,1.79031,0.54443,0.446522,58.0525,2.15333,26.9594,6.640752,2.019446,4.481431,1.183665,99.999882,5.313333,109,15.27,96.536667,Managed,2.364333,0.27775,56.882509,0.043,39.60095,12.15,469.21,31.41
92,75.338501,1313,Monture,048-04-I,1313,048-04-I,CRB,I,R,Monture,1.19175,317.003454,1224.584587,2063.210052,11.0618,6.12153,0,0,0,0,0,75.338501,0,0,14.682733,8.125371,100.000322,11.69,119,25.996667,100,Reference,1.784,0.569259,18.524912,0.1195,29.157086,13.433333,212.47,29.053333
93,9.3630896,205,Seeley,047-10-I,205,047-10-I,CRB,I,M,Seeley,2.53105,469.758018,611.657687,1509.81807,1.85863,0.748607,1.74159,3.96689,0,17.9903,1.92141,9.36309,18.600628,42.367291,19.850597,7.995294,99.969451,2.64,95.5,9.555,98.215,Managed,1.9615,0.191022,117.52861,0.02325,51.570617,22.436667,215.7925,45.515
94,6.1387501,170,Shorty,038-06-I,170,038-06-I,CRB,I,R,Shorty,1.47907,172.111571,1621.518982,1933.031115,0,0,0,0,0,0,0,6.13875,0,0,0,0,99.936183,5.916667,95,15.9,96.786667,Reference,0.819667,0.366803,78.148322,0.0175,76.368227,18.963333,653.226667,45.646667
95,11.2397003,167,Ketchikan,038-02-I,167,038-02-I,CRB,I,M,Ketchikan,1.52921,243.350495,1139.155613,1666.230453,0,0,0,0,0,0,0,11.2397,0,0,0,0,99.999538,2.9025,103.5,8.82,95.32,Managed,1.4815,0.237047,80.881589,0.040875,53.002942,9.6975,47.995,38.095
96,7.5584402,171,Colts,038-07-I,171,038-07-I,CRB,I,M,Colts,1.91475,260.97339,1042.690002,1582.272678,0,0,0,0,0,0,0,7.55844,0,0,0,0,100.000297,2.8525,99.75,10.223333,99.375,Managed,2.731,0.152314,93.188893,0.02425,38.822613,30.915,304.8925,39.285
97,43.7907982,2297,Cabin,045-07-I,2297,045-07-I,CRB,I,R,Cabin,2.67682,313.387633,1126.548234,2100.388011,0,0,0,0,0,0,0,43.790798,0,0,0,0,99.78673,6.666667,122.333333,15.223333,98.413333,Reference,2.761,0.314722,22.654837,0.114333,16.685149,2.423333,316.123333,16.77
98,5.6065698,172,Hornet,038-10-I,172,038-10-I,CRB,I,M,Hornet,1.01325,283.193425,1048.99334,1626.568968,0,0,0.979602,0.09101,0.055955,6.07245,1.08309,5.60657,17.472385,1.623269,0,0,99.999965,1.87,101.25,8.053333,99.375,Managed,3.499,0.128982,124.807157,0.01425,40.827623,58.836667,195.3075,36.0975
99,37.4319992,173,Tepee,038-11-I,173,038-11-I,CRB,I,M,Tepee,1.10799,276.431575,1100.516168,1573.87946,0,0,4.71278,5.32743,0.167157,22.2641,0.594787,37.431999,12.590257,14.232283,0,0,95.129125,4.0375,101.25,11.726667,98.37,Managed,1.89675,0.23588,55.039034,0.064375,32.727856,14.27,168.74,37.2025
100,39.5301018,174,S.F. Coal,038-12-I,174,038-12-I,CRB,I,M,S.F. Coal,0.861477,227.510914,1337.213736,1787.627645,0,0,1.45839,1.37719,0.850471,19.3247,0.509876,39.530102,3.689328,3.483909,0,0,95.878394,8.7,105.666667,19.9,95.1,Managed,1.725,0.27081,25.681026,0.108,24.750227,2.373333,166.136667,40.53
101,4.0651498,169,No Name,038-04-I,169,038-04-I,CRB,I,M,No Name,1.1659,276.906354,1166.526652,1659.421592,0,0,0,0,0,3.30023,0.811834,4.06515,0,0,0,0,100.000049,3.11,82,9.893333,99.305,Managed,1.264,0.268845,104.195513,0.002,49.169888,77.395,538.04,56.27
102,41.2798004,168,Big,038-03-I,168,038-03-I,CRB,I,M,Big,1.12491,258.229744,1254.182059,1723.95674,0,0,1.03149,1.61033,0.759696,37.8376,0.916613,41.2798,2.498785,3.901008,0,0,100.000472,8.865,107.75,20.086667,98.8375,Managed,2.33575,0.286917,35.818851,0.08975,36.79867,6.2725,582.3875,36.0175
103,10.3599997,1306,Elelehum,039-16-I,1306,039-16-I,CRB,I,M,Elelehum,1.28645,301.194105,1009.889374,1529.438505,0,0,0.286702,2.88833,0,7.27322,0.70205,10.36,2.767397,27.879679,0,0,100.000023,2.193333,100.666667,10.08,94.443333,Managed,1.979667,0.195204,104.113815,0.013167,36.159586,33.856667,291.716667,36.72
104,6.8678498,1304,Langford,039-16-I,1304,039-16-I,CRB,I,M,Langford,1.01857,324.855415,917.370829,1449.521493,0,0,0,0.177487,0,4.56011,0.663979,6.86785,0,2.584315,0,0,99.999933,6.643333,101.333333,15.51,99.123333,Managed,1.16,0.562037,89.394313,0.003833,83.844785,54.035,294.556667,44.473333
105,23.4167004,1789,Sheep,041-03-I,1789,041-03-I,CRB,I,R,Sheep,2.39852,305.270285,1381.272438,1733.785414,2.17475,1.44144,0,0,0,0,0,23.4167,0,0,9.287158,6.155599,100.000153,8.426667,120,21.463333,99.123333,Reference,1.608667,0.325833,29.036014,0.0525,33.810075,9.41,566.21,22.556667
106,50.2384987,176,Twentyfive Mile,041-04-I,176,041-04-I,CRB,I,R,Twentyfive Mile,1.07019,290.011014,1229.60506,1848.98784,0,0,0,0,0,10.1603,0.202241,50.238499,0,0,0,0,99.514327,12.87,121.25,33.4525,89.2025,Reference,0.818,0.5575,11.165532,0.05775,19.997851,5.593333,152.765,24.435
107,45.9858017,1788,Lake,041-02-I,1788,041-02-I,CRB,I,M,Lake,1.10951,314.610902,1204.936203,1788.723697,0,0,0,0,0,0,0,45.985802,0,0,0,0,98.705284,10.18,113.666667,23.926667,97.5,Reference,1.319667,0.453935,33.04459,0.046667,49.416341,12.326667,557.686667,27.596667
108,65.7910004,178,Morrison,041-09-I,178,041-09-I,CRB,I,M,Morrison,1.52842,292.695563,1185.007553,1891.58312,1.88015,0.778864,0.020728,0,0.03589,9.02792,0.137343,65.791,0.031505,0,2.857763,1.183846,99.911524,14.4925,117,38.7975,86.605,Managed,0.7765,0.646583,22.9169,0.042625,51.51173,4.913333,321.5475,30.7775
109,64.771698,177,Schafer,041-07-I,177,041-07-I,CRB,I,R,Schafer,1.15242,298.536785,1341.276335,1883.127683,1.44247,10.8631,0,0,0,0,0,64.771698,0,0,2.227004,16.771387,99.999969,14.2375,124.25,40.1275,91.8125,Reference,0.44825,0.76375,14.077603,0.044125,38.155062,11.253333,171.945,27.835
110,51.0522995,175,Cox,041-01-I,175,041-01-I,CRB,I,R,Cox,1.66489,320.729871,970.102722,1845.402162,0.369631,1.02209,0,0,0,0,0,51.052299,0,0,0.724024,2.002041,98.956037,11.715,112.25,29.375,97.06,Reference,0.64425,0.751792,18.859385,0.0515,54.107494,26.656667,300.89,34
111,33.2449989,1790,Trail,041-05-I,1790,041-05-I,CRB,I,R,Trail,1.39249,264.105715,1047.764617,2062.272127,0.545617,0.020567,0,0,0,0,0,33.244999,0,0,1.6412,0.061866,99.709671,7.346667,119.333333,19.576667,98.39,Reference,1.483667,0.281778,28.264123,0.041667,50.14211,14.856667,265.306667,22.636667
112,9.2968798,1302,S.F. Abbot,039-08-I,1302,039-08-I,CRB,I,M,S.F. Abbot,1.2235,437.059609,787.180672,1191.994617,0,0,1.18534,1.58584,0.484426,18.3734,1.97629,9.29688,12.749913,17.057728,0,0,100.000131,2.246667,87.333333,8.19,100,Managed,0.990333,0.242147,129.876524,0.018167,66.634178,26.213333,179.776667,56.803333
113,24.2252007,1305,Lost Johnny,039-14-I,1305,039-14-I,CRB,I,M,Lost Johnny,1.41095,284.578124,1442.872709,1696.490819,0,0,0,0,0,16.4838,0.68044,24.225201,0,0,0,0,100.000009,7.8,103.666667,18.03,99.166667,Managed,3.241333,0.309206,21.829439,0.126,14.73737,11.023333,304.92,42.95
114,37.0784988,1303,Wounded Buck,039-09-I,1303,039-09-I,CRB,I,M,Wounded Buck,1.39551,304.516784,1441.164997,1639.664874,0,0,0.527847,0.1293,0.071289,11.3387,0.305802,37.078499,1.423594,0.34872,0,0,100.000264,12.193333,105.666667,38.08,100,Managed,2.452333,0.427583,22.189954,0.096333,30.626323,8.006667,533.11,41.123333
115,11.0523996,180,Dudley,042-03-I,180,042-03-I,CRB,I,M,Dudley,1.1438,380.725741,1052.188334,1454.435696,0,0,1.49034,1.10404,0.440447,15.2324,1.3782,11.0524,13.484345,9.989184,0,0,99.999817,4.485,101.25,15.5275,96.8375,Managed,3.0815,0.169236,60.393988,0.06125,23.768829,23.1475,306.5,36.99
116,23.2238998,182,Felix,042-05-I,182,042-05-I,CRB,I,M,Felix,0.759581,350.631809,1232.496566,1618.914435,0,0,1.43119,2.15709,5.33551,0.42078,0.018118,23.2239,6.162588,9.288253,0,0,100.000201,7.713333,121,20.993333,97.726667,Managed,2.176333,0.291438,57.403853,0.063833,41.92844,11.276667,465.14,18.446667
117,17.1818008,181,Logan,042-04-I,181,042-04-I,CRB,I,M,Logan,1.01039,329.563269,1295.863931,1679.401916,0,0,0.607756,0.513047,2.59327,14.527,0.845486,17.181801,3.537205,2.985989,0,0,99.999976,6.2225,128.75,18.4375,97.6725,Managed,2.406,0.215911,39.300882,0.05925,20.222311,5.4075,310.5425,13.83
118,25.8234997,179,Conner,042-02-I,179,042-02-I,CRB,I,M,Conner,0.960054,322.948501,1427.272437,1684.419833,0,0,0,0.179601,0,13.5877,0.526177,25.8235,0,0.695493,0,0,100.000112,9.495,113.25,23.7475,98.8625,Managed,2.829,0.34125,27.256806,0.087,22.795043,4.2275,279.345,30.335
119,26.0998001,185,Sullivan,042-17-I,185,042-17-I,CRB,I,R,Sullivan,1.17086,303.08201,1362.603185,1798.886008,0,0,0,0,0,0,0,26.0998,0,0,0,0,99.999961,8.4025,122,23.6575,97.7275,Reference,1.61725,0.300923,22.75,0.085625,25.638332,7.8975,187.5825,21.83
120,27.0014,189,Bunker,043-15-I,189,043-15-I,CRB,I,M,Bunker,1.70404,302.883728,1396.250497,1871.314721,0.576934,0.543309,0,0,0,0,0,27.0014,0,0,2.136681,2.012151,100.00003,9.6525,111.75,23.67,95.82,Managed,0.82525,0.291994,43.661569,0.06725,44.144772,4.33,334.525,37.2725
121,27.2870007,2124,Middle Fork,043-14-I,2124,043-14-I,CRB,I,M,Middle Fork,0.83332,292.775069,1437.275356,1893.320315,1.00086,1.85806,0.289048,0,0,13.828,0.506761,27.287001,1.059288,0,3.667914,6.809319,100.000247,8.09,99,15.006667,99.123333,Managed,3.134667,0.406,60.912185,0.117833,39.592307,6.35,181.676667,44.83
122,57.8349991,184,Lower Twin,042-09-I,184,042-09-I,CRB,I,R,Lower Twin,0.93565,339.105426,1112.799536,1675.340981,0,0,0,0,0.055394,0,0,57.834999,0,0,0,0,99.999982,8.13,126.25,16.1975,100,Reference,2.309,0.471354,41.245391,0.118625,54.774595,4.69,19.2575,18.555
123,14.7339001,192,Albino,044-08-I,192,044-08-I,CRB,I,R,Albino,1.79151,270.211461,1555.277837,2112.349308,0,0,0,0,0,0,0,14.7339,0,0,0,0,100.000298,11.9325,104.75,19.5825,95.4425,Reference,0.514333,0.64183,45.071322,0.0175,56.67605,26.413333,996.195,36.805
124,51.4594994,191,Big Salmon,044-03-I,191,044-03-I,CRB,I,R,Big Salmon,1.06376,285.515532,1439.520241,2062.909823,0.292242,0.405804,0,0,0,0,0,51.459499,0,0,0.567907,0.788589,98.823458,13.0225,106.25,26.85,96.875,Reference,0.81325,0.242375,14.819037,0.071,23.154953,2.666667,216.3525,34.675
125,57.6394005,187,Gorge,043-04-IS,187,043-04-IS,CRB,IS,R,Gorge,1.39089,295.386086,1441.647933,1912.562549,0,0,0,0,0,0,0,57.639401,0,0,0,0,99.999782,13.265,85.25,22.074545,95.890833,Reference,0.490583,0.606157,21.4685,0.038542,54.847674,11.069167,776.6675,58.959167
126,51.7244987,2276,Stadium,043-10-I,2276,043-10-I,CRB,I,R,Stadium,1.37111,283.982071,1370.636989,1952.978044,0,0,0,0,0,0,0,51.724499,0,0,0,0,99.999882,11.803333,103,19.266667,97.15,Reference,1.962,0.616111,15.274764,0.075,23.494741,9.303333,388.156667,42.823333
127,70.7613983,183,Twin,042-07-I,183,042-07-I,CRB,I,R,Twin,1.18078,314.675101,1164.491095,1771.318887,0.656898,0.163255,0,0,0,0,0,70.761398,0,0,0.928328,0.230711,100.000277,12.205,140.75,26.2225,98.215,Reference,1.7555,0.482333,19.538739,0.09775,24.444681,7.1175,93.045,8.35
128,11.8388996,2109,Bent,043-02-I,2109,043-02-I,CRB,I,M,Bent,0.948421,397.652877,809.726875,1530.576252,4.55593,4.78275,2.05761,0.740567,0.061491,10.2699,0.867471,11.8389,17.380089,6.255373,38.482697,40.39859,99.999627,3.8,82,12.543333,98.413333,Managed,2.996,0.214643,46.840572,0.044833,16.838566,16.78,616.746667,59.453333
129,47.6794014,1792,Black Bear,044-04-I,1792,044-04-I,CRB,I,R,Black Bear,1.45532,328.342355,1097.909868,1824.729982,6.21833,9.64967,0,0,0,0,0,47.679401,0,0,13.041955,20.238663,99.999972,10.05,140,20.536667,91.226667,Reference,2.275333,0.227381,15.531868,0.085,23.044146,15.3,88.47,5.426667
130,146.5500031,193,Little Salmon,044-18-I,193,044-18-I,CRB,I,R,Little Salmon,1.19252,296.395822,1350.349345,1950.831336,0.13194,0.03295,0,0,0,0,0,146.550003,0,0,0.090031,0.022484,99.999802,14.625,107.75,20.3175,98.9575,Reference,0.195333,0.424271,13.814903,0.057875,47.412355,8.97,331.6975,31.1075
131,13.1447001,1793,Burnt,044-06-I,1793,044-06-I,CRB,I,R,Burnt,1.55151,292.888915,1446.283002,2058.573234,0,0,0,0,0,0,0,13.1447,0,0,0,0,100.000207,5.935,117,19.455,92.915,Reference,1.19,0.384545,63.768116,0.041,43.942028,11.89,192.51,22.34
132,25.3027,1791,Helen,044-01-I,1791,044-01-I,CRB,I,R,Helen,1.38235,319.932871,1167.888423,1856.121572,0.288149,0.126246,0,0,0,0,0,25.3027,0,0,1.138809,0.498944,100.000082,6.686667,127.333333,19.153333,86.12,Reference,3.696667,0.230741,47.385332,0.063833,26.255708,17.726667,477.043333,18.073333
133,17.2544003,190,Lewis,044-02-I,190,044-02-I,CRB,I,R,Lewis,1.50478,375.589554,905.682336,1666.060265,4.29749,2.87646,0,0,0,0,0,17.2544,0,0,24.906612,16.670851,99.999967,4.725,111.5,17.2575,99.375,Reference,1.46725,0.283277,73.183057,0.0255,47.114837,28.863333,253.2425,28.345
134,46.8049011,188,Dean,043-07-I,188,043-07-I,CRB,I,R,Dean,1.5676,315.919,1234.778614,1866.953535,0.379073,0.852141,0,0,0.045911,0,0,46.804901,0,0,0.809901,1.820624,100.000187,10.3725,142,29.4825,100,Reference,1.7085,0.3115,11.493388,0.07275,10.470804,7.43,145.9925,4.745
135,35.0262985,2257,Pentagon,043-01-I,2257,043-01-I,CRB,I,R,Pentagon,1.48642,282.360624,1261.924734,2003.65786,0,0,0,0,0,0,0,35.026299,0,0,0,0,99.998518,6.83,114,14.49,95.833333,Reference,2.194667,0.54,5.196267,0.079667,6.608104,6.446667,161.02,25.406667
136,60.5419998,2213,Spotted Bear,043-12-I,2213,043-12-I,CRB,I,R,Spotted Bear,1.40293,271.754159,1370.076196,2070.330251,2.08922,1.87724,0,0,0,0,0,60.542,0,0,3.450853,3.100726,99.830317,10.053333,123.333333,26.123333,96.303333,Reference,1.035333,0.387917,26.701433,0.061,41.031022,7.133333,179.48,25.846667
137,68.2745972,165,Good,037-16-I,165,037-16-I,CRB,I,M,Good,1.22802,288.617129,717.921948,1573.964006,0,0,14.527,7.30509,2.95455,121.377,1.77777,68.274597,21.277323,10.699573,0,0,98.230002,9.33,105.75,18.5,98.6075,Managed,1.381,0.4145,24.676972,0.106,32.287408,25.7675,303.4275,36.42
138,20.2807007,159,Alder,037-04-I,159,037-04-I,CRB,I,M,Alder,1.54676,294.172886,698.656782,1579.072847,0,0,2.65448,2.41951,0.814855,39.542,1.94974,20.280701,13.088706,11.930097,0,0,99.999995,4.11,82.25,9.046667,97.53,Managed,1.0535,0.356554,55.392024,0.01825,49.390284,49.573333,621.68,61.8475
139,16.0216007,163,Miller,037-08-I,163,037-08-I,CRB,I,M,Miller,1.49469,321.039402,617.288469,1462.081882,0,0,1.71568,4.05022,0.426782,33.2196,2.07342,16.021601,10.708538,25.279724,0,0,100.000126,2.89,90.5,8.596667,98.81,Managed,1.699667,0.264184,88.041657,0.016625,37.208237,40.9675,394.7625,52.035
140,10.5286999,164,Reid,037-10-I,164,037-10-I,CRB,I,M,Reid,1.1012,332.13498,581.629995,1435.80743,0,0,2.89696,0.84969,0.951071,22.1418,2.103,10.5287,27.514925,8.07023,0,0,95.159461,2.4025,85,5.816667,86.905,Managed,1.44675,0.193206,121.255856,0.00325,61.180398,65.635,280.865,55.3275
141,35.6646996,158,Martin,037-03-I,158,037-03-I,CRB,I,M,Martin,1.42283,304.956277,684.56,1488.2545,0,0,9.17952,5.92096,0.276407,93.4217,2.61945,35.6647,25.738392,16.601728,0,0,100.00008,5,100,9.8,96.266667,Managed,0.40725,0.619079,53.836246,0.002,69.265096,79.1725,881.1075,39.353333
142,32.5839996,201,Cedar,046-12-I,201,046-12-I,CRB,I,M,Cedar,0.894564,332.403866,1192.380997,1772.134782,0,0,1.66994,0,0,14.3139,0.43972,32.584,5.125029,0,0,0,99.312633,7.76,115.333333,17.27,100,Managed,0.736333,0.394667,52.842398,0.027667,67.506568,16.886667,668.306667,29.283333
143,16.2236996,200,Crazy Horse,046-11-I,200,046-11-I,CRB,I,M,Crazy Horse,1.44979,288.863149,1604.124643,2035.761488,0,0,0,0,0,0,0,16.2237,0,0,0,0,99.872638,9.18,90,17.5975,99.405,Managed,2.061,0.332951,40.74734,0.144375,41.336822,7.355,533.385,53.68
144,22.0881004,197,Jim,046-02-I,197,046-02-I,CRB,I,M,Jim,5.38024,315.106113,1336.153877,1884.253192,0,0,2.82057,0.211235,0.005919,26.2311,1.18859,22.0881,12.769633,0.95633,0,0,99.208447,8.9975,113.25,25.675,100,Managed,2.74025,0.596002,60.950941,0.03625,54.173339,26.055,812.6925,27.91
145,19.6105003,1310,Bond,040-14-I,1310,040-14-I,CRB,I,M,Bond,1.19343,358.514424,1412.860326,1600.079579,0,0,0.005342,0.362639,0,1.53816,0.078436,19.6105,0.027241,1.849207,0,0,99.765545,9.456667,111.666667,30.696667,99.276667,Managed,1.35,0.381508,45.686891,0.0535,44.395819,5.4,332.72,32.526667
146,41.4645996,198,Kraft,046-06-I,198,046-06-I,CRB,I,M,Kraft,1.46862,342.2522,1309.465556,1821.965429,0,0,4.32456,1.67105,0.398914,44.1372,1.06445,41.4646,10.429531,4.030058,0,0,100.000268,9.96,118.75,25.98,99.405,Managed,2.24275,0.4185,19.657048,0.09125,20.611585,4.5725,316.645,23.2825
147,12.3268003,202,Lion,046-18-I,202,046-18-I,CRB,I,R,Lion,1.6277,249.606559,1765.368825,2150.199596,0,0,0,0,0,0,0,12.3268,0,0,0,0,100.000094,8.205,104.25,22.035,98.0925,Reference,1.85575,0.344,41.940621,0.055,39.470816,8.28,500.0275,38.545
148,33.9760017,1774,Johnson,026-06-I,1774,026-06-I,CRB,I,M,Johnson,1.28291,265.477383,935.854338,1243.284775,0,0,2.8635,7.94949,2.89455,72.2375,2.12613,33.976002,8.428006,23.397373,0,0,97.004096,12.48,97.333333,15.67,93.203333,Managed,2.928667,0.400876,46.826894,0.055333,31.384859,15.563333,770.386667,39.633333
149,11.9247999,1776,W.F. Elk,026-16-I,1776,026-16-I,CRB,I,R,W.F. Elk,1.03968,294.829413,1081.543168,1233.78379,0,0,0.001965,0.010441,0.005092,8.32821,0.698393,11.9248,0.016482,0.087558,0,0,100.000218,5.586667,124,18.533333,98.413333,Reference,2.844333,0,0,0.053,0,0,163.09,16.103333
150,29.3673,1775,E.F. Blue,026-13-I,1775,026-13-I,CRB,I,M,E.F. Blue,1.34068,292.705446,1232.78356,1311.962322,0,0,0.586205,0.536975,0.609083,15.0785,0.513447,29.3673,1.996114,1.828478,0,0,95.389106,11.76,99.666667,24.546667,98.246667,Managed,2.045,0.513333,37.314756,0.039333,38.354814,14.206667,826.38,40.476667
151,55.1085014,121,E.F. Elk,026-01-I,121,026-01-I,CRB,I,M,E.F. Elk,2.26753,281.392193,1170.923215,1296.052872,0,0,0.372708,0.531124,0.765983,40.4272,0.733593,55.108501,0.676317,0.963778,0,0,98.812896,11.06,102.25,28.2725,95.0625,Managed,0.672,0.439833,20.334554,0.04375,42.529702,17.043333,153.5775,38.6
152,17.6800003,118,Dry,025-15-I,118,025-15-I,CRB,I,M,Dry,1.38084,272.736421,1122.777143,1366.803181,1.00147,0.343602,0,0.483022,0,8.57158,0.484818,17.68,0,2.732026,5.664432,1.943451,100.000067,10.0925,126.75,26.603333,97.0525,Managed,3.851,0,0,0.134375,0,0,231.6325,14.7675
153,14.1632996,1289,S.F. Pilgrim,031-12-I,1289,031-12-I,CRB,I,M,S.F. Pilgrim,1.32778,271.206907,1237.259527,1365.550973,0,0,0.934077,0.360114,0.295918,17.0943,1.20694,14.1633,6.59505,2.542584,0,0,100.000433,3.506667,107.333333,12.613333,99.223333,Managed,2.406333,0.248929,69.273204,0.059,33.41969,17.6,163.453333,37.516667
154,13.5143003,1291,Stevens,031-17-I,1291,031-17-I,CRB,I,M,Stevens,1.22242,299.993869,1129.466998,1300.018698,0,0,0.517227,0.040592,0.329204,12.4422,0.920671,13.5143,3.82726,0.300363,0,0,98.845055,6.146667,97.333333,21.47,99.206667,Managed,1.117333,0.275194,67.753013,0.0225,43.605527,36.98,243.35,40.476667
155,22.1445007,1286,E.F. Trout,031-01-I,1286,031-01-I,CRB,I,R,E.F. Trout,1.38009,276.417483,1284.816246,1465.796574,0.033403,0.012792,0,0,0,0,0,22.144501,0,0,0.15084,0.057767,99.999836,8.686667,119.333333,19.883333,98.55,Reference,3.099333,0.262238,29.462092,0.120167,19.273074,24.02,114.856667,25.13
156,52.4986,1288,W.F. Trout,031-10-I,1288,031-10-I,CRB,I,R,W.F. Trout,1.34796,309.52512,1197.992196,1316.631472,0,0,0,0.00815,12.5983,11.9823,0.228241,52.4986,0,0.015524,0,0,99.999989,10.156667,135.333333,29.003333,100,Reference,1.394333,0.225333,20.343002,0.074667,23.20541,22.41,22.795,12.366667
157,15.1176996,122,W.F. Rock,026-04-I,122,026-04-I,CRB,I,M,W.F. Rock,1.36827,289.551866,1199.400002,1398.897272,0,0,0.19936,1.09268,0.254584,32.7091,2.16362,15.1177,1.318717,7.227818,0,0,96.475329,4.7375,122,14.8325,96.31,Managed,2.993,0.271778,71.71911,0.045,46.301487,13.876667,175.625,17.8575
158,41.1893005,123,Rock,026-07-I,123,026-07-I,CRB,I,M,Rock,1.55858,227.775247,1701.373233,1642.165494,0,0,0,0.329391,0,9.25393,0.224668,41.189301,0,0.7997,0,0,98.920812,12.905,126.25,21.1725,98.7925,Managed,2.471,0.484375,11.301483,0.128,17.606033,2.073333,345.74,13.505
159,40.8679008,137,Cooper,032-04-I,137,032-04-I,CRB,I,M,Cooper,1.25852,296.463281,1124.823277,1498.28096,0,0,2.52797,0.790318,0.484529,28.5785,0.69929,40.867901,6.18572,1.933836,0,0,99.981484,9.6075,135.25,22.3125,96.2825,Managed,1.8305,0.639792,15.60732,0.083667,18.977904,3.21,229.855,5.8425
160,80.2767029,1292,White Pine,031-18-I,1292,031-18-I,CRB,I,M,White Pine,1.22667,334.777095,1060.068726,1279.523568,0,0,5.17534,9.24767,4.60522,113.042,1.40826,80.276703,6.446877,11.519738,0,0,97.066678,9.806667,120,24.136667,97.56,Managed,0.451,0.314222,29.185065,0.035333,55.16317,20.523333,167.615,28.483333
161,53.5077019,2130,Clear,032-17-I,2130,032-17-I,CRB,I,M,Clear,1.09938,321.129888,1053.499878,1411.68318,0.01489,0.000244,5.02147,8.54431,0.003543,116.961,2.18587,53.507702,9.384576,15.968368,0.027828,0.000455,99.099882,10.46,126.333333,23.956667,97.873333,Managed,1.76,0.158333,4.047764,0.064,2.367942,6.33,267.803333,19.883333
162,37.6299019,2180,Wilkes,032-09-I,2180,032-09-I,CRB,I,M,Wilkes,1.20569,333.903701,959.725422,1374.816413,0,0,0.582632,0.436451,2.57126,29.4038,0.781396,37.629902,1.548322,1.159851,0,0,98.080202,5.33,115,15.953333,93.413333,Managed,1.813667,0.082,20.768432,0.058,11.111111,5.2,67.493333,26.616667
163,3.8898699,136,Graves,032-01-I,136,032-01-I,CRB,I,R,Graves,1.25437,219.912586,2125.314972,1851.801898,0,0,0,0.417764,0,1.20729,0.310367,3.88987,0,10.739792,0,0,100.000007,6.73,104,22.17,99.206667,Reference,1.551667,0.256384,72.245844,0.0235,48.186341,13.563333,576.163333,38.453333
164,70.5454025,2155,Cherry,032-19-I,2155,032-19-I,CRB,I,M,Cherry,1.31181,334.638949,1144.872185,1488.143828,0,0,5.4008,2.97754,1.30235,51.3516,0.727922,70.545402,7.655776,4.22074,0,0,99.996908,8.05,111.666667,17.85,97.54,Managed,2.160667,0.409185,40.759071,0.082167,31.402484,9.77,655.61,30.663333
165,9.94699,1770,Pack,018-04-I,1770,018-04-I,CRB,I,M,Pack,0.62109,111.380849,1700.587847,1788.677915,0,0,0,2.31615,0,1.51749,0.153609,9.94699,0,23.284933,0,0,99.31569,7.473333,102.666667,14.523333,100,Managed,2.474667,0.4075,29.357139,0.074,25.51146,5.023333,235.5,39.55
166,7.6415801,1771,Lindsey,018-12-I,1771,018-12-I,CRB,I,M,Lindsey,0.981369,270.546461,890.229229,1102.717322,0,0,0.747025,1.18484,0.328849,8.81753,1.15389,7.64158,9.775788,15.505126,0,0,97.381529,6.636667,93.666667,9.416667,96.493333,Managed,1.377333,0.322824,87.026693,0.014333,65.792953,51.096667,402.42,45.246667
167,5.1191502,84,Cocolalla,017-20-I,84,017-20-I,CRB,I,M,Cocolalla,1.02483,302.491769,883.111674,1089.525947,0,0,1.46753,1.99381,0.18826,11.1207,2.17237,5.11915,28.667381,38.948017,0,0,99.436473,3.66,103.5,12.1,99.375,Managed,2.3465,0.252845,96.064849,0.019125,40.949033,19.085,537.8625,36.175
168,16.6837006,88,West Gold,020-02-I,88,020-02-I,CRB,I,M,West Gold,1.09649,273.666747,1145.548695,1179.141486,0,0,4.4969,1.66789,2.05354,32.2639,1.93386,16.683701,26.953857,9.997137,0,0,100.000035,6.1375,125.5,19.475,98.75,Managed,3.25925,0.360322,64.069658,0.048625,37.218727,7.29,405.16,17.095
169,3.75998,1539,Hungry,015-14-I,1539,015-14-I,CRB,I,M,Hungry,9.69439,157.138943,924.519999,1250.688148,0,0,0,0.193154,0.193154,2.29844,0.611355,3.75998,0,5.137096,0,0,99.989535,2.77,88,7.773333,98.373333,Managed,2.158,0.230939,140.641933,0.007833,58.999097,48.163333,364.81,58.15
170,25.5361996,1268,Gold,015-11-I,1268,015-11-I,CRB,I,M,Gold,2.03782,127.847425,1247.610502,1510.393372,0,0,0.782409,0.254892,1.36852,20.226,0.792697,25.5362,3.063922,0.99816,0,0,99.918835,8.346667,110.333333,18.06,93.713333,Managed,1.842,0.34131,33.103532,0.043333,39.383153,10.58,284.833333,39.236667
171,75.7235031,1270,N.F. Granite,015-15-I,1270,015-15-I,CRB,I,M,N.F. Granite,2.4585,154.489209,1143.474696,1368.395155,0,0,1.01262,0.945564,0.412036,38.2005,0.504571,75.723503,1.337262,1.248706,0,0,99.980604,12.64,82.333333,17.523333,99.206667,Managed,0.273333,0.664762,29.521531,0.020667,85.924789,24.093333,794.953333,61.08
172,12.2112999,1266,Zero,015-08-I,1266,015-08-I,CRB,I,M,Zero,1.47415,178.1261,1056.354492,1319.843959,0,0,0.041002,0.027115,0,2.63709,0.215954,12.2113,0.335769,0.22205,0,0,100.000271,4.843333,74.333333,10.04,97.62,Managed,1.948667,0.297846,42.987472,0.025167,28.777281,29.376667,554.536667,69.786667
173,39.7663994,75,Hughes,015-06-IS,75,015-06-IS,CRB,IS,R,Hughes,1.53765,153.885633,1217.83872,1339.366047,4.027,1.83981,0.046966,0.066352,0,6.21059,0.156414,39.766399,0.118105,0.166855,10.126644,4.626535,99.848038,9.478462,86.692308,19.7675,91.828462,Reference,0.205769,1.090462,21.385822,0.013692,80.326631,26.2675,231.338333,54.95
174,99.0942993,1265,Upper West Branch Priest,015-04-I,1265,015-04-I,CRB,I,M,Upper West Branch Priest,3.77873,220.893684,919.441908,1115.789037,10.2434,7.15778,16.7924,15.734,6.52377,254.099,2.56628,99.094299,16.945856,15.877756,10.337029,7.223198,98.98799,9.406667,109.666667,15.033333,92.613333,Managed,0.159,0.72575,36.088704,0.003,81.564754,79.903333,231.233333,29.56
175,9.3280096,1264,Malcom,015-03-I,1264,015-03-I,CRB,I,M,Malcom,0.98778,132.553193,1196.168739,1450.238835,0,0,0.255742,0.22605,0.075366,7.7941,0.835559,9.32801,2.74166,2.423342,0,0,100.000029,4.116667,90.666667,9.053333,96.863333,Managed,1.217,0.401232,85.545038,0.010167,60.252388,48.136667,676.01,52.663333
176,26.6746998,1267,Beaver,015-10-I,1267,015-10-I,CRB,I,M,Beaver,1.25602,211.045214,958.500235,1155.756444,0,0,0.44852,0.130507,0,13.3363,0.499961,26.6747,1.681444,0.489255,0,0,100.00006,9.05,101.666667,18.666667,96.436667,Managed,1.954333,0.522403,47.378626,0.033,40.828874,17.903333,783.286667,43.72
177,7.6017399,83,Benton,017-15-I,83,017-15-I,CRB,I,M,Benton,0.959634,268.467452,1012.890908,1030.503322,0,0,1.58372,1.0363,0.616409,29.1264,3.83644,7.60174,20.833631,13.632443,0,0,99.872793,2.815,87.333333,11.71,99.206667,Managed,1.48375,0.457371,94.055963,0.011833,63.416134,46.956667,308.4,55.796667
178,11.5199003,2186,Canyon,017-10-I,2186,017-10-I,CRB,I,M,Canyon,0.742313,217.596173,1126.968822,1227.807349,0,0,0.517802,1.0978,0.488541,33.3247,2.93081,11.5199,4.494848,9.529556,0,0,98.703126,5.26,87.333333,12.376667,98.333333,Managed,2.471333,0.251398,87.151288,0.029833,45.515002,14.036667,778.143333,55.896667
179,31.2266998,100,Leiberg,021-20-I,100,021-20-I,CRB,I,M,Leiberg,1.52005,324.672965,1253.22256,1092.837842,0,0,0.017828,5.97107,0.66038,77.0648,2.46791,31.2267,0.057091,19.121666,0,0,100.000222,6.855,132,22.71,100,Managed,1.4235,0.369375,25.019162,0.084625,27.95741,6.8625,85.9525,10.33
180,17.7765999,94,Laverne,021-07-I,94,021-07-I,CRB,I,M,Laverne,1.76905,328.339509,1247.160333,1082.28528,0,0,0.006705,3.40243,0.533322,98.6726,5.5507,17.7766,0.037721,19.139936,0,0,100.000101,6.12,118,19.8775,99.48,Managed,1.7345,0.236556,29.357899,0.0685,22.239559,6.3425,83.935,24.89
181,35.9446983,96,Copper,021-10-I,96,021-10-I,CRB,I,M,Copper,1.57231,335.808624,1288.788043,1080.49507,0,0,1.31454,7.46449,1.64202,105.362,2.93123,35.944698,3.657126,20.766594,0,0,99.549842,7.54,129,23.0075,98.415,Managed,0.8025,0.458625,24.639096,0.07775,33.841647,19.62,139.78,14.42
182,32.5354996,87,Independence,020-01-I,87,020-01-I,CRB,I,M,Independence,1.3825,276.225987,1212.670614,1253.870059,0,0,0,1.10171,0.40438,23.4395,0.720429,32.5355,0,3.386181,0,0,99.450239,10.29,98.25,24.4675,93.0325,Managed,1.30125,0.414528,38.915439,0.035875,48.520553,11.4625,576.955,44.45
183,10.1292,92,North,020-13-I,92,020-13-I,CRB,I,R,North,1.1839,300.320803,1039.358742,1191.383397,0,0,0,0.014571,0,3.01726,0.297878,10.1292,0,0.14385,0,0,99.999696,4.0425,115.5,13.0675,98.185,Reference,1.88,0.256875,26.727033,0.0505,15.706922,11.15,67.053333,24.875
184,14.5045996,98,Bumblebee,021-16-I,98,021-16-I,CRB,I,M,Bumblebee,1.82525,359.72916,1136.869535,1003.722001,0,0,1.18235,1.8244,1.01033,48.9966,3.37801,14.5046,8.15158,12.57809,0,0,99.831111,5.2025,113.25,18.0925,93.92,Managed,1.242,0.379131,39.731133,0.041,32.804351,15.565,90.2,27.49
185,67.3115997,93,Trail,020-16-I,93,020-16-I,CRB,I,M,Trail,1.72983,299.175598,1242.135233,1196.726007,0,0,0.019495,13.1206,2.55728,142.217,2.11281,67.3116,0.028962,19.492304,0,0,99.940522,13.006667,128.333333,40.34,100,Managed,0.639667,0.336746,15.472104,0.050667,31.182895,8.423333,43.956667,16.833333
186,11.4656,89,Emerson,020-03-IS,89,020-03-IS,CRB,IS,R,Emerson,1.39112,307.230407,1069.206839,1174.707954,0,0,0.336398,0.002068,0,4.46203,0.389168,11.4656,2.933978,0.018033,0,0,99.999684,4.754545,102,14.333,95.960909,Reference,1.980182,0.232326,60.968409,0.038773,32.727538,16.716364,158.84,39.121818
187,29.7989006,95,W.F. Steamboat,021-08-I,95,021-08-I,CRB,I,M,W.F. Steamboat,1.77249,328.48657,1182.700195,1111.601254,0,0,7.03902,6.38347,5.77769,60.7995,2.04032,29.798901,23.621737,21.421841,0,0,98.806145,7.05,131,23.623333,97.62,Managed,1.733667,0.210847,33.062889,0.087,24.030582,5.416667,75.6,14.346667
188,28.4144993,2199,E.F. Steamboat,022-20-I,2199,022-20-I,CRB,I,M,E.F. Steamboat,1.42858,324.939004,1218.006047,1180.598339,0.42947,0.141179,3.13222,4.82432,2.41336,61.5307,2.16547,28.414499,11.023333,16.978363,1.511446,0.496855,100.000051,7.365,112.75,17.4775,97.9175,Managed,1.9425,0.297646,25.846446,0.076625,16.405793,4.115,145.615,29.15
189,13.3906002,91,Brett,020-08-I,91,020-08-I,CRB,I,M,Brett,1.62847,318.981446,1161.843479,1153.407776,0,0,0.74513,0.597295,8.56134,5.44588,0.406694,13.3906,5.564574,4.460556,0,0,100.000107,4.825,112.25,16.0275,98.215,Managed,2.66075,0.174162,45.774972,0.05225,21.164235,16.805,163.11,31.545
190,16.6228008,2207,Graham,022-19-I,2207,022-19-I,CRB,I,R,Graham,1.39847,312.600711,1157.281926,1215.640541,0,0,0,0,0,0,0,16.622801,0,0,0,0,99.940357,7.4,113,17.843333,97.653333,Reference,2.809,0.257341,49.773773,0.080333,25.985457,3.696667,351.693333,26.666667
191,10.9540997,90,Jordan,020-04-I,90,020-04-I,CRB,I,R,Jordan,1.46837,299.399719,1179.683113,1304.514157,0,0,0,0,2.37005,4.33138,0.395414,10.9541,0,0,0,0,99.999669,6.1975,109.75,21.755,92.5225,Reference,2.353667,0.241331,26.688538,0.039625,15.632989,7.695,57.2325,32.105
192,9.0591803,101,Rampike,022-09-I,101,022-09-I,CRB,I,M,Rampike,1.17174,309.019896,1192.297347,1301.771363,0,0,0.602354,1.73253,0.801971,30.936,3.41487,9.05918,6.649102,19.124571,0,0,100,5.2975,104.5,17.3875,97.7,Managed,1.51625,0.288021,56.805742,0.032375,40.447815,12.015,252.7725,38.5125
193,33.3834991,2280,Falls,022-02-I,2280,022-02-I,CRB,I,M,Falls,1.18316,300.99348,1234.369584,1343.945613,0,0,5.33675,2.31917,3.30611,119.946,3.59296,33.383499,15.986178,6.947043,0,0,100.000078,9.755,108,26.635,95.915,Managed,1.9155,0.48425,15.656477,0.0915,18.683104,8.67,144.31,34.445
194,22.3285999,102,E.F. Lost,022-13-I,102,022-13-I,CRB,I,R,E.F. Lost,3.13029,330.317566,1171.65147,1245.620243,0.223878,0.020561,0.066421,0.093559,3.30821,9.55362,0.427864,22.3286,0.297469,0.419009,1.002651,0.092084,100.000153,9.5525,88.25,19.8275,98.98,Reference,1.8025,0.377955,49.09576,0.036125,44.916109,12.2225,376.4,53.4075
195,41.4169998,103,W.F. Eagle,022-12-I,103,022-12-I,CRB,I,M,W.F. Eagle,1.03016,308.29088,1214.702575,1333.624679,8.15572,3.1781,3.25076,1.07526,2.70339,58.7298,1.41801,41.417,7.84885,2.596183,19.691723,7.67342,99.357892,10.785,108,22.605,97.6325,Managed,1.61075,0.507361,20.952989,0.076,26.116699,2.6525,168.48,35.8675
196,49.3297997,2253,E.F. Eagle,022-15-I,2253,022-15-I,CRB,I,M,E.F. Eagle,1.18355,298.839945,1251.821264,1390.032205,5.12867,1.78443,2.21685,2.41857,3.09317,71.8785,1.4571,49.3298,4.493946,4.902852,10.396707,3.617342,98.304541,12.976667,131.333333,25.15,100,Managed,1.666667,0.121111,4.035513,0.101333,3.268765,3.11,212.363333,13.603333
197,7.8281798,1337,Moon,065-15-I,1337,065-15-I,CRB,I,M,Moon,1.03394,359.076103,1085.189087,1103.382031,0,0,0.00767,0.000129,0.000004,1.32413,0.169149,7.82818,0.097984,0.001654,0,0,100.000328,3.436667,116.666667,12.376667,92.93,Managed,2.706,0.162804,58.94526,0.034833,20.10205,7.376667,113.88,27.613333
198,3.95362,97,Trib of Armstrong,021-15-I,97,021-15-I,CRB,I,M,Trib of Armstrong,1.39736,353.135176,1050.002026,991.544939,0,0,0.421287,0,0,8.80357,2.22671,3.95362,10.655727,0,0,0,100.000009,4.113333,89.666667,13.8125,96.786667,Managed,3.81225,0.172897,74.775719,0.035625,25.669473,24.1875,228.735,53.966667
199,6.6006598,1276,Cedar,019-12-I,1276,019-12-I,CRB,I,M,Cedar,1.05391,345.30322,1108.958984,1010.221986,0,0,0.840571,0.372528,0.1474,18.2688,2.76772,6.60066,12.734656,5.643792,0,0,99.946867,3.48,126.333333,12.67,97.62,Managed,2.713,0.258796,92.086545,0.016667,52.095892,20.413333,215.63,11.11
200,3.6791601,353,Bechtel,071-04-I,353,071-04-I,CRB,I,M,Bechtel,2.73317,408.549502,994.17998,1007.935672,0,0,0.085548,0.538429,0.46458,7.65039,2.07938,3.67916,2.325197,14.634557,0,0,100.000132,2.6675,94.25,5.1825,98.125,Managed,0.66975,0.472274,81.460544,0.0025,76.338402,100,102.4575,37.535
201,38.9589996,1331,E.F. Big,065-03-I,1331,065-03-I,CRB,I,M,E.F. Big,1.77965,338.31988,1371.736307,1247.444015,0,0,0,0,3.90293,16.5126,0.423846,38.959,0,0,0,0,100.000051,7.023333,123.666667,14.28,99.243333,Managed,1.627667,0.394056,22.533313,0.072833,24.637761,5.123333,52.25,18.94
202,9.6106195,1334,Homestead,065-07-I,1334,065-07-I,CRB,I,M,Homestead,1.37953,269.893459,1747.133102,1752.413985,0.027101,0.024763,0,0,0,10.1229,1.06137,9.61062,0,0,0.281991,0.257659,99.240091,6.446667,105,15.156667,99.206667,Managed,2.370667,0.26125,47.155914,0.061667,25.008707,2.883333,436.666667,39.686667
203,16.0165997,1333,W.F. Slate,065-05-I,1333,065-05-I,CRB,I,M,W.F. Slate,1.60547,322.484463,1513.407603,1372.097358,0,0,0,1.02355,0,0,0,16.0166,0,6.390556,0,0,100.000378,5.903333,113.666667,15.003333,99.276667,Managed,2.042667,0.413222,25.398134,0.073,10.51183,5.77,196.313333,32.806667
204,83.3003998,1336,Slate,065-13-I,1336,065-13-I,CRB,I,M,Slate,1.89738,313.611561,1493.582713,1390.623314,0,0,0.288551,1.56176,4.2343,20.9508,0.251509,83.3004,0.346398,1.87485,0,0,99.220406,15.153333,134.333333,26.906667,100,Managed,1.163667,0.453333,3.141807,0.105,7.348519,7.165,31.15,17.48
205,93.0727997,1330,N.F. St. Joe,065-02-I,1330,065-02-I,CRB,I,M,N.F. St. Joe,1.59811,322.691718,1303.801926,1405.882135,0,0,0,0.000152,8.36493,39.9023,0.428721,93.0728,0,0.000163,0,0,96.888767,13.873333,128,24.786667,100,Managed,1.010333,0.531197,28.693264,0.078833,50.695859,4.68,112.545,17.723333
206,22.1303005,311,Bird,064-01-I,311,064-01-I,CRB,I,M,Bird,1.5423,367.156139,1171.897883,1294.920091,0,0,1.38422,7.31166,1.75205,44.4657,2.00926,22.130301,6.254846,33.039131,0,0,100.000338,7.205,112.5,21.646667,100,Managed,1.9255,0.3895,35.351658,0.044,33.772272,22.2475,357.01,33.2175
207,26.9689999,315,Mosquito,064-06-I,315,064-06-I,CRB,I,R,Mosquito,2.01286,324.242268,1254.848832,1551.959588,0.304554,0.056997,0,0,0,5.6113,0.208065,26.969,0,0,1.129274,0.211344,98.858687,7.095,129,21.793333,95.375,Reference,1.693,0.308631,44.325025,0.075375,44.611926,6.97,35.9875,17.295
208,99.2434006,313,Simmons,064-04-I,313,064-04-I,CRB,I,M,Simmons,1.61119,329.345385,1311.845836,1615.338086,0,0,3.21595,3.97566,2.77678,92.8542,0.935621,99.243401,3.240465,4.005965,0,0,99.999918,12.765,122.5,27.45,99.4175,Managed,1.904333,0.43225,17.86345,0.16725,25.583913,2.2375,132.7225,20.23
209,33.0686989,318,Beaver,064-13-I,318,064-13-I,CRB,I,M,Beaver,2.33222,354.10541,1265.821373,1466.714153,0,0,0,0,0.13141,17.3442,0.524491,33.068699,0,0,0,0,100.000046,6.973333,103,16.14,95.733333,Managed,1.5945,0.260249,53.451908,0.045667,44.450363,36.416667,132.23,38.7
210,31.3918991,312,Red Ives,064-02-I,312,064-02-I,CRB,I,M,Red Ives,1.90796,331.877909,1361.085106,1624.671644,0,0,0,0.464945,0.485028,17.3677,0.553253,31.391899,0,1.4811,0,0,100.000122,6.9325,122.5,17.273333,97.8425,Managed,2.21175,0.531875,24.310831,0.104,24.379772,2.0375,103.515,20.69
211,32.6320992,317,Bean,064-10-I,317,064-10-I,CRB,I,M,Bean,1.35428,323.412067,1453.388368,1693.108129,0,0,0,0,0,2.4892,0.076281,32.632099,0,0,0,0,100.000021,8.7925,106.75,16.56,98.81,Managed,2.293,0.469548,29.070108,0.111125,24.213279,2.27,102.7175,33.0425
212,17.0034008,316,Heller,064-08-I,316,064-08-I,CRB,I,M,Heller,1.58726,318.202882,1382.237932,1732.185801,0,0,0,0,5.59458,4.39432,0.258437,17.003401,0,0,0,0,99.999955,6.185,131.75,21.793333,98.1825,Managed,1.7535,0.300389,31.147276,0.081,28.259804,4.755,85.655,13.0575
213,45.1631012,314,St. Joe,064-05-I,314,064-05-I,CRB,I,M,St. Joe,1.30068,314.743905,1635.531452,1789.166758,0,0,0,0,0.714499,17.5272,0.388087,45.163101,0,0,0,0,99.999906,10.85,115.75,19.733333,94.375,Managed,1.17625,0.3095,14.406441,0.086125,28.320703,1.985,170.3725,25.6075
214,10.8605003,1275,Yellowbanks,019-07-I,1275,019-07-I,CRB,I,M,Yellowbanks,1.13146,297.876348,1058.093765,1067.06294,0,0,0.613957,0.323926,0.418665,20.3469,1.87349,10.8605,5.653116,2.98261,0,0,99.986882,5.63,108.333333,17.87,92.856667,Managed,2.636,0.23658,56.644616,0.042333,27.468992,11.516667,367.836667,32.916667
215,70.2396011,2298,Youngs,045-04-I,2298,045-04-I,CRB,I,R,Youngs,0.785362,306.249906,1238.568967,2058.087633,15.247,15.5751,0,0,0,0,0,70.239601,0,0,21.707161,22.174248,100.000033,11.46,101.333333,17.48,96.42,Reference,0.931333,0.501548,16.040328,0.171,29.298017,8.796667,303.323333,34.533333
216,30.2238007,2296,Marshall,045-13-I,2296,045-13-I,CRB,I,R,Marshall,0.978563,296.119516,1348.456034,2105.913117,5.65686,13.4072,0,0,0,0,0,30.223801,0,0,18.716577,44.359596,99.999942,8.893333,101,14.843333,99.243333,Reference,1.767333,0.370492,47.923229,0.063833,53.232268,13.473333,1191.236667,38.23
217,4.5093398,2292,Anchor,088-10-I,2292,088-10-I,CRB,I,M,Anchor,1.93835,295.911709,1460.934998,2245.958361,0,0,0,0,0,0.616473,0.13671,4.50934,0,0,0,0,99.999897,4.063333,111,11.73,96.173333,Managed,1.233,0.22908,106.410386,0.032333,51.643931,14.72,214.826667,30.99
218,3.39417,434,Big Blowout,087-06-I,434,087-06-I,CRB,I,M,Big Blowout,2.29648,407.985426,689.082504,1826.766363,0,0,0,0,0.043536,0.238295,0.070207,3.39417,0,0,0,0,100.000127,2.185,80,12.265,97.56,Managed,2.973,0.138355,185.067906,0.005,49.213206,38.545,537.12,58.785
219,89.893898,411,Bargamin,085-06-I,411,085-06-I,CRB,I,R,Bargamin,1.61846,405.670927,995.051399,1842.067003,20.9492,23.6381,0,0,0,22.9599,0.255411,89.893898,0,0,23.304378,26.295609,100.000237,12.3825,111.5,30.3,94.375,Reference,1.10725,0.363917,16.195252,0.099625,27.002305,8.585,213.3,35.425
220,21.6704998,2181,Lynx,084-08-I,2181,084-08-I,CRB,I,M,Lynx,1.57704,413.330304,966.349995,1751.549583,2.3291,3.38738,0,0,0,1.63687,0.075535,21.6705,0,0,10.747798,15.631289,99.999986,5.755,86,13.145,100,Managed,1.9555,0.241111,55.18836,0.00525,36.187195,38.345,915.99,55.77
221,98.8498993,417,Little Clearwater,085-19-I,417,085-19-I,CRB,I,R,Little Clearwater,1.47599,380.324029,1032.282501,1987.951791,12.4455,13.8043,0,0,0,2.37728,0.024049,98.849899,0,0,12.59034,13.964951,100.000189,12.875,112,35.2425,98.8075,Reference,1.242,0.478333,13.228482,0.0735,32.513332,13.4575,654.135,29.53
222,34.1455994,416,Flat,085-13-I,416,085-13-I,CRB,I,R,Flat,1.12704,363.935672,1102.642753,2069.800446,2.91014,1.11594,0,0,0,6.38121,0.186882,34.145599,0,0,8.522736,3.268168,100.000141,8.1775,100.5,23.57,98.81,Reference,3.8025,0.281619,37.633224,0.06025,21.258554,21.325,1019.275,41.6475
223,9.34585,414,E.F. Magruder,085-10-I,414,085-10-I,CRB,I,M,E.F. Magruder,1.30985,423.631769,951.547856,1793.579728,1.48053,0.313016,0,0,0,9.32271,0.997524,9.34585,0,0,15.841593,3.349254,100.000169,4.99,101.666667,14.046667,91.98,Managed,3.65,0.18078,51.394611,0.018667,17.316383,49.076667,445.736667,41.67
224,30.6201992,407,Bad Luck,084-04-I,407,084-04-I,CRB,I,R,Bad Luck,1.86332,472.958214,926.218823,1504.319763,0,0,0,0,0,0,0,30.620199,0,0,0,0,100.000145,4.3775,109.5,13.4675,96.81,Reference,1.518,0.314515,77.962987,0.0295,62.579321,18.09,141.29,33.215
225,27.4078999,409,Swet,085-03-IS,409,085-03-IS,CRB,IS,R,Swet,1.18582,345.732568,1139.330724,2218.10818,2.30938,1.19631,0,0,0,0,0,27.4079,0,0,8.425967,4.364829,99.959786,8.311818,82.181818,21.189,95.815455,Reference,0.833818,0.389777,50.938935,0.013955,60.48771,40.938182,821.951818,60.597273
226,12.5341997,413,Goat,085-09-I,413,085-09-I,CRB,I,R,Goat,1.49527,384.585224,1026.192786,2040.941502,3.5014,2.82005,0,0,0,0,0,12.5342,0,0,27.934738,22.498867,99.999824,4.2,90.75,10.8625,97.6725,Reference,2.553,0.239667,85.974718,0.023,44.758935,31.0975,735.4725,51.5425
227,147.125,410,Deep,085-04-I,410,085-04-I,CRB,I,M,Deep,1.38242,422.527967,824.007129,1849.905983,21.4128,14.999,0,0,0,36.3537,0.247093,147.125,0,0,14.554135,10.194709,100.000478,9.61,116.5,21.92,95.755,Managed,2.02575,0.369405,34.23686,0.1495,31.225765,9.285,229.6075,24.095
228,82.4801025,408,Indian,084-09-I,408,084-09-I,CRB,I,R,Indian,1.17386,393.652731,1041.264046,1949.57749,9.33714,7.78672,0,0,0,0,0,82.480103,0,0,11.320476,9.440721,100.000109,10.2475,115.25,31.755,96.1775,Reference,1.563,0.2725,27.852367,0.063,29.862693,11.765,341.9875,27.7375
229,47.2827988,2309,Wahoo,084-05-I,2309,084-05-I,CRB,I,R,Wahoo,0.944884,364.738581,1404.599451,1963.043806,0,0,0,0,0,0,0,47.282799,0,0,0,0,100.000169,9.593333,127,23.11,98.413333,Reference,0.740667,0.271429,31.197651,0.068667,38.797053,2.956667,200.553333,16.38
230,61.9597015,2314,Paradise,084-13-I,2314,084-13-I,CRB,I,R,Paradise,0.983949,383.421199,1323.632006,1911.155222,4.49711,2.37666,0,0,0,0,0,61.959702,0,0,7.258116,3.835809,99.999981,12.5,120,30.126667,99.276667,Reference,1.114333,0.340833,16.772121,0.072333,28.1816,6.11,338.76,26.89
231,72.9425964,2307,Bear,084-12-I,2307,084-12-I,CRB,I,R,Bear,0.976358,378.43729,1318.696179,1892.953582,0.056098,0.000894,0,0,0,0.094009,0.001289,72.942596,0,0,0.076908,0.001226,100.000205,14.173333,109.666667,23.243333,97.413333,Reference,1.280667,0.424802,30.39876,0.098,46.004026,5.143333,405.92,36.283333
232,47.861599,2308,Cub,084-11-I,2308,084-11-I,CRB,I,R,Cub,1.03107,359.546658,1546.828666,2021.255,0,0,0,0,0,0,0,47.861599,0,0,0,0,99.647831,11.796667,113.666667,29.693333,100,Reference,0.583667,0.38629,49.369348,0.063333,74.016055,2.083333,208.033333,33.656667
233,43.9011002,412,Storm,085-08-I,412,085-08-I,CRB,I,R,Storm,1.31454,368.790661,1266.109714,2147.676688,0.413997,0.228028,0,0,0,0,0,43.9011,0,0,0.943022,0.519413,99.999887,7.51,116.5,22.93,97.2075,Reference,1.86575,0.381268,39.592826,0.0525,33.948005,7.815,369.435,30.5375
234,10.1638002,1350,Battle,079-17-I,1350,079-17-I,CRB,I,R,Battle,1.06529,340.362435,1493.770687,2012.944134,0.282094,0.005999,0,0,0,0,0,10.1638,0,0,2.775474,0.059021,100.000003,6.496667,96,13.2,93.653333,Reference,0.270333,0.521313,69.0338,0.011,83.99232,26.333333,835.263333,45.83
235,37.5533981,380,Goddard,078-02-I,380,078-02-I,CRB,I,M,Goddard,1.17647,468.377351,1186.999657,1208.547053,0,0,3.99845,0.711012,2.88364,37.5558,1.00007,37.553398,10.647375,1.893336,0,0,100.00008,7.59,107.666667,19.065,98.483333,Managed,3.098333,0.293829,39.845328,0.036,26.89388,25.706667,408.973333,29.723333
236,7.5578899,1832,E.F. O'Hara,082-11-I,1832,082-11-I,CRB,I,M,E.F. O'Hara,1.95174,393.414359,1032.035838,1659.30082,0,0,0.431814,0,0,3.47369,0.459611,7.55789,5.713425,0,0,0,100.000342,3.63,96.333333,11.586667,99.206667,Managed,3.079667,0.195066,56.501913,0.048833,20.902258,13.923333,139.286667,42.66
237,14.8191004,389,E.F. Horse,080-06-I,389,080-06-I,CRB,I,R,E.F. Horse,1.48799,417.130387,1031.319134,1580.351935,0,0,0.00008,0,0.00008,0.39767,0.026835,14.8191,0.00054,0,0,0,100.00038,4.766,100.4,13.9875,99.546,Reference,1.84,0.227314,82.574258,0.0184,44.8646,32.072,469.784,37.424
238,83.9111023,390,Buck Lake,080-07-I,390,080-07-I,CRB,I,R,Buck Lake,1.26041,396.573293,1052.84181,1735.924308,4.77737,2.47426,0,0,0.00031,0,0,83.911102,0,0,5.693369,2.94867,100.000161,12.7725,121,25.583333,99.405,Reference,2.369,0.324833,24.361248,0.169875,22.894605,1.8375,261.74,21.5525
239,1.26468,388,Ballinger,080-02-I,388,080-02-I,CRB,I,R,Ballinger,1.3087,424.912233,1020.244965,1646.1112,0.388811,0.218768,0,0,0,0,0,1.26468,0,0,30.743828,17.298279,100.000334,1.836667,77.666667,5.395,99.206667,Reference,1.576,0.320651,150.137199,0.002,81.914783,53.106667,237.963333,62.996667
240,84.8339005,392,Meadow,080-13-I,392,080-13-I,CRB,I,M,Meadow,1.19819,388.544664,1123.789852,1903.232306,2.49711,7.69002,0.916723,1.15644,0.261834,20.059,0.236451,84.8339,1.080609,1.36318,2.943527,9.064792,99.999965,12.013333,109.333333,25.405,98.053333,Managed,0.774667,0.343056,11.603419,0.086667,32.303683,5.323333,58.663333,35.353333
241,30.4211006,391,Three Prong,080-12-I,391,080-12-I,CRB,I,M,Three Prong,1.37613,388.335968,1081.092342,1866.755433,2.38259,2.31174,0,0,0,21.0524,0.692032,30.421101,0,0,7.832027,7.599127,100.000076,7.173333,121,19.55,99.206667,Managed,1.619,0.268833,25.402107,0.074667,21.896447,5.193333,157.863333,20.636667
242,51.5569,1347,Rhoda,079-09-I,1347,079-09-I,CRB,I,R,Rhoda,0.968814,363.592165,1544.581,1830.945768,1.06928,0.408169,0,0,0,0,0,51.5569,0,0,2.073971,0.791686,99.999924,12.246667,107.333333,29.943333,100,Reference,2.0735,0.463333,8.325743,0.245,12.396485,1.606667,75.2,30.406667
243,76.901001,1344,W.F. Moose,079-01-I,1344,079-01-I,CRB,I,R,W.F. Moose,1.07359,366.862082,1544.031802,1829.090903,12.2867,15.6266,0,0,0,0,0,76.901001,0,0,15.977322,20.320391,99.999989,13.593333,121,26.68,100,Reference,2.12,0.35881,20.151262,0.15875,21.50129,14.615,171.376667,25.61
244,70.3694992,1349,N.F. Moose,079-14-I,1349,079-14-I,CRB,I,R,N.F. Moose,0.942021,363.115156,1331.67682,1863.346476,5.69432,5.89743,0,0,0,0,0,70.369499,0,0,8.092027,8.380659,100.000189,13.89,122.666667,29.273333,100,Reference,2.386667,0.383889,8.352163,0.2065,8.029712,1.056667,183.34,20.043333
245,23.8248997,1345,Cedar,079-02-I,1345,079-02-I,CRB,I,R,Cedar,1.2317,354.746867,1279.593429,1924.437266,2.76019,0.447151,0,0,0,0,0,23.8249,0,0,11.585309,1.876823,100.000088,9.46,88,19.52,98.835,Reference,0.264,0.555152,48.457963,0.0145,75.786589,23.43,473.235,57.765
246,9.2694798,1346,Cox,079-05-I,1346,079-05-I,CRB,I,R,Cox,0.818601,348.194372,1387.834996,1983.334637,0.292573,0.047425,0,0,0,0,0,9.26948,0,0,3.156306,0.511621,100.000199,7.186667,93,17.263333,100,Reference,1.243333,0.355278,44.2111,0.0285,50.005446,26.273333,1119.413333,47.5
247,22.9578991,1348,E.F. Moose,079-12-I,1348,079-12-I,CRB,I,R,E.F. Moose,0.899513,349.241892,1528.692003,2013.925343,0,0,0,0,0,0,0,22.957899,0,0,0,0,99.999971,11.146667,79,15.18,92.816667,Reference,0.272,0.62722,32.968848,0.002333,53.639496,58.31,2615.506667,64.166667
248,60.9452019,383,Pete King,078-12-I,383,078-12-I,CRB,I,M,Pete King,1.37192,484.989087,1087.530945,1107.157468,0.006769,0.006988,5.31988,7.35012,6.84251,115.09,1.88857,60.945202,8.72895,12.060215,0.011107,0.011467,99.992137,8.7425,117,23.196667,98.915,Managed,1.233,0.297936,41.314863,0.03375,55.15139,37.0725,183.42,28.9025
249,4.17908,386,Canyon,078-18-I,386,078-18-I,CRB,I,M,Canyon,0.801308,433.588897,1384.104283,1412.368088,0,0,1.08528,0.071325,0.813398,9.93294,2.37683,4.17908,25.969421,1.70672,0,0,100.000331,2.995,77.5,5.23,93.93,Managed,0.8915,0.520112,128.060229,0.002,90.558685,87.095,437.815,62.18
250,6.43821,385,Trib of Deadman,078-15-I,385,078-15-I,CRB,I,M,Trib of Deadman,1.93269,447.675388,1202.883645,1362.45542,0,0,0.23406,0.093178,0.224778,2.79386,0.433949,6.43821,3.635483,1.447265,0,0,100.000271,3.27,95.666667,8.62,91.823333,Managed,1.255333,0.267275,111.617847,0.004667,74.298242,46.593333,496.213333,42.783333
251,5.0960102,384,Bimerick,078-14-I,384,078-14-I,CRB,I,R,Bimerick,1.44352,427.346383,1176.937151,1472.818183,0,0,0,0,0,1.73213,0.3399,5.09601,0,0,0,0,99.999892,1.83,71.666667,3.54,96.826667,Reference,1.071,0.462772,139.38052,0.002667,91.897005,68.646667,81.686667,67.126667
252,91.9798965,381,Fish,078-05-I,381,078-05-I,CRB,I,R,Fish,1.46129,447.056811,1245.9659,1301.828585,0,0,0.558748,0,0.027594,32.9566,0.358302,91.979896,0.607468,0,0,0,100.000206,11.99,111.75,27.663333,98.09,Reference,1.17175,0.393869,25.858551,0.10525,34.83571,17.0525,182.465,28.7275
253,91.8635025,382,Hungery,078-11-I,382,078-11-I,CRB,I,M,Hungery,1.36044,413.098972,1437.714507,1458.560031,9.26337,9.31906,0,0,5.13674,19.2845,0.209925,91.863502,0,0,10.08384,10.14446,99.999917,13.925,130,30.783333,95.2375,Managed,2.0515,0.689625,16.902333,0.175375,37.937667,1.5825,154.9025,16.595
254,3.25086,1818,Rock Lake,077-01-I,1818,077-01-I,CRB,I,R,Rock Lake,1.00033,331.644475,1569.64713,1900.687639,0,0,0,0,0,0,0,3.25086,0,0,0,0,100.000107,2.336667,90.333333,5.613333,100,Reference,0.479,0.329603,79.026965,0.002,64.756272,97.96,676.693333,49.09
255,12.9326,1820,Surprise,077-03-I,1820,077-03-I,CRB,I,R,Surprise,0.71661,345.523918,1551.666196,1838.325854,0,0,0,0,0,0,0,12.9326,0,0,0,0,99.999983,6.286667,104,16.97,96.613333,Reference,0.768,0.565714,38.349296,0.058,62.278542,6.486667,139.826667,45.21
256,7.77948,2031,Pedro,077-05-I,2031,077-05-I,CRB,I,R,Pedro,0.669729,333.776515,1609.24818,1938.375698,0.954645,0.739107,0,0,0,0,0,7.77948,0,0,12.271316,9.50073,100.000299,5.653333,93.333333,12.646667,96.786667,Reference,0.894333,0.323914,79.851389,0.007833,71.945191,44.796667,974.323333,43.533333
257,39.5154991,1823,Squaw,077-07-I,1823,077-07-I,CRB,I,M,Squaw,1.08445,408.404475,1266.783702,1549.639948,0,0,4.11418,0.323186,2.28247,49.9085,1.26301,39.515499,10.411552,0.817872,0,0,100.000176,8.403333,111.333333,18.513333,99.166667,Managed,1.768333,0.245185,29.604893,0.073,19.986283,6.583333,152.156667,31.986667
258,52.6694984,1821,Warm Springs,077-04-I,1821,077-04-I,CRB,I,R,Warm Springs,0.908483,345.78732,1377.343246,1928.975891,5.30908,9.18287,0,0,0,0,0,52.669498,0,0,10.079992,17.434885,99.999726,12.386667,122.666667,27.013333,99.206667,Reference,1.305667,0.379111,19.87735,0.078667,31.641191,4.59,680.67,17.553333
259,13.3971004,1824,Badger,077-17-I,1824,077-17-I,CRB,I,M,Badger,2.41072,449.482849,995.090873,1376.032432,0,0,2.84179,0.724762,1.56974,39.8871,2.9773,13.3971,21.211985,5.409841,0,0,99.999821,4.646667,117.333333,16.546667,100,Managed,3.427333,0.273631,47.00744,0.047,22.697242,23.42,234.233333,21.71
260,38.0864983,1819,Wind Lakes,077-02-I,1819,077-02-I,CRB,I,R,Wind Lakes,0.983886,339.413604,1362.510004,1965.277527,0.002155,0,0,0,0,0.73354,0.01926,38.086498,0,0,0.005659,0,100.000092,10.7,130.666667,25.146667,98.45,Reference,1.118667,0.516167,16.038096,0.082667,26.626152,6.066667,182.53,14.64
261,62.2438011,1815,Boulder,076-09-I,1815,076-09-I,CRB,I,M,Boulder,0.944995,353.297298,1636.025408,1826.34244,2.18686,3.47833,1.49743,0.486259,0.061303,22.3887,0.359694,62.243801,2.405754,0.781218,3.513375,5.588243,100.000173,10.836667,123.333333,18.573333,99.206667,Managed,2.252333,0.566786,28.018017,0.152,36.066402,7.793333,171.59,17.783333
262,51.6666985,376,Crooked Fork,076-12-I,376,076-12-I,CRB,I,M,Crooked Fork,1.11403,341.303214,1687.063411,1890.967284,2.93128,3.29525,0.055251,0.075496,0,2.83499,0.054871,51.666699,0.106938,0.146122,5.673443,6.377905,99.999882,11.285,103.75,26.49,97.025,Managed,1.56025,0.184375,8.323931,0.09125,6.406396,2.35,295.7375,34.1775
263,15.7243996,373,Hoodoo,076-03-I,373,076-03-I,CRB,I,M,Hoodoo,1.21517,370.302612,1248.445217,1900.673967,4.46387,3.27938,0,0,0,5.09734,0.324167,15.7244,0,0,28.388193,20.855364,100.000214,6.22,99.25,16.96,91.49,Managed,0.495,0.379234,63.104895,0.02825,81.469544,12.85,116.6025,40.6775
264,23.4839001,377,Swamp,076-14-I,377,076-14-I,CRB,I,M,Swamp,1.09577,354.003659,1254.48334,1942.940108,0.964429,0.338224,0,0,0,0.247783,0.010551,23.4839,0,0,4.106769,1.440239,99.999905,7.8175,90.25,16.1575,97.025,Managed,1.54725,0.365417,51.102474,0.0485,58.106928,13.636667,632.2825,52.6725
265,48.0256004,375,White Sands,076-08-IS,375,076-08-IS,CRB,IS,R,White Sands,0.756693,336.338067,1413.172097,2009.485835,1.75486,1.52773,0,0,0,0,0,48.0256,0,0,3.654,3.181084,100.000511,11.206,90.1,23.588889,97.944,Reference,0.932111,0.466476,21.113977,0.09055,30.919649,6.291111,459.591111,49.306
266,36.921299,1816,Big Flat,076-10-I,1816,076-10-I,CRB,I,R,Big Flat,0.803275,347.770284,1407.778065,1948.568505,5.91761,3.48853,0,0,0,0,0,36.921299,0,0,16.027626,9.448562,100.000125,9.476667,75,16.633333,98.443333,Reference,0.631,0.382778,28.552983,0.030833,39.678015,12.523333,749.56,66.98
267,12.2669001,379,Big Smith,078-01-I,379,078-01-I,CRB,I,M,Big Smith,1.25273,523.108712,947.65263,964.261009,0.0464,0.014472,2.7983,3.94476,1.64471,39.1063,3.20233,12.2669,22.811787,32.157791,0.378257,0.117974,99.551189,4.1875,103.25,16.606667,97.495,Managed,3.88675,0.145306,98.570456,0.0435,35.584321,37.3775,178.955,38.5775
268,11.0464001,395,Moores Lake,081-08-I,395,081-08-I,CRB,I,R,Moores Lake,0.907205,317.601284,1217.76944,2050.353836,0,0,0,0,0,0.3447,0.031205,11.0464,0,0,0,0,97.820382,5.6325,92.75,13.3125,97.7275,Reference,0.791,0.385884,57.006944,0.02875,60.085155,9.005,665.245,50.57
269,9.0832901,2137,Moores,081-16-I,2137,081-16-I,CRB,I,R,Moores,0.68966,315.169129,1205.912136,2055.248106,0,0,0,0,0,1.00468,0.110607,9.08329,0,0,0,0,99.999983,5.173333,86,12.143333,97.413333,Reference,1.63,0.306667,76.281467,0.0305,55.154281,14.143333,846.746667,59.753333
270,9.0124598,2128,Frank Brown,081-17-I,2128,081-17-I,CRB,I,R,Frank Brown,1.20115,337.300237,881.083078,1972.347548,0,0,0,0,0,0.290008,0.032179,9.01246,0,0,0,0,100.000139,4.666667,113.333333,14.383333,100,Reference,2.236667,0.302601,79.233578,0.019667,49.106923,22.976667,786.163333,28.716667
271,27.3969994,2116,Johns,081-13-I,2116,081-13-I,CRB,I,R,Johns,1.40189,327.30623,998.625718,2049.078114,0,0,0,0,0,0,0,27.396999,0,0,0,0,99.999934,7.735,93.5,13.63,100,Reference,2.9305,0.299405,59.043884,0.03675,40.872656,23.67,578.575,47.62
272,33.3362999,401,Twentymile,082-08-IS,401,082-08-IS,CRB,IS,R,Twentymile,1.12146,369.392341,866.389435,1813.136415,0,0,0.049519,0.022985,0,9.32709,0.279788,33.3363,0.148543,0.068949,0,0,100.000153,8.028,88.727273,15.59,96.455455,Reference,0.729909,0.350886,67.262892,0.005545,71.579757,50.604,526.317273,50.4
273,31.5074997,2177,Tenmile,083-01-I,2177,083-01-I,CRB,I,R,Tenmile,0.846198,309.602797,1091.602033,2119.51115,0,0,0,0,0,0,0,31.5075,0,0,0,0,99.298666,9.73,79.5,14.11,97.825,Reference,0.434,1.037444,29.742216,0.0095,80.316451,19.21,887.96,59.785
274,19.5876999,1831,Sixmile,082-07-I,1831,082-07-I,CRB,I,M,Sixmile,1.67764,426.649934,827.946667,1581.692617,0,0,0.795799,0.476598,0.137676,22.3831,1.14271,19.5877,4.062748,2.433149,0,0,100.000149,4.216667,116,11.92,99.206667,Managed,3.548,0.199302,67.698768,0.043,25.032572,32.586667,384.9,30.996667
275,9.0552101,1833,Santiam,082-12-I,1833,082-12-I,CRB,I,M,Santiam,1.62277,449.591654,795.645717,1444.559109,0,0,0.438895,0.602841,0,12.6412,1.39602,9.05521,4.846874,6.65739,0,0,97.927225,2.686667,85.666667,7.803333,100,Managed,2.02,0.208859,161.209771,0.008667,59.662837,51.083333,167.613333,51.593333
276,55.1184006,2270,S.F. Red,083-04-I,2270,083-04-I,CRB,I,M,S.F. Red,3.84201,394.483705,813.364365,1834.386204,11.2837,8.91848,5.37113,1.94147,2.22411,68.8203,1.24859,55.118401,9.744708,3.52236,20.471722,16.180588,100.000431,5.873333,110,12.04,100,Managed,1.075667,0.350238,35.435956,0.067667,43.416206,5.34,70.706667,34.31
277,10.1998997,402,Ditch,083-02-I,402,083-02-I,CRB,I,M,Ditch,5.94948,450.048061,887.029369,1582.712643,0,0,1.02618,2.30864,0.716917,30.0974,2.95075,10.1999,10.060683,22.633909,0,0,100.000084,3.3125,82.75,8.4725,99.4325,Managed,1.364,0.277624,88.707582,0.004,59.055004,69.67,854.35,63.445
278,38.8569984,1804,Yoosa,068-01-I,1804,068-01-I,CRB,I,M,Yoosa,4.13138,414.127908,1538.665091,1417.299008,3.47947,2.59959,5.80885,1.33594,2.23479,90.1587,2.32027,38.856998,14.94931,3.438094,8.954558,6.690144,100.000145,9.6,102,21.073333,100,Managed,1.729667,0.356734,34.042359,0.062167,24.209792,17.683333,512.43,42.276667
279,21.8841,1806,Lolo,068-05-I,1806,068-05-I,CRB,I,M,Lolo,4.14882,420.650054,1514.85889,1387.706997,1.03168,0.542996,1.41698,0.982196,0.428579,29.0444,1.32719,21.8841,6.474928,4.488171,4.714302,2.481235,99.999974,8.016667,107.666667,18.546667,98.45,Managed,2.004667,0.437417,36.839684,0.060667,28.641142,18.773333,574.713333,36.23
280,16.1418991,329,Eldorado,068-07-I,329,068-07-I,CRB,I,M,Eldorado,2.90002,440.422362,1420.181491,1321.391649,0,0,0.324541,0.00633,0.206818,7.05089,0.436808,16.141899,2.010552,0.039212,0,0,99.999967,5.13,86.75,9.5125,97.5,Managed,0.3175,0.581731,62.787734,0.0025,79.532693,96.54,721.2525,57.43
281,9.3561497,361,Tumble,073-11-I,361,073-11-I,CRB,I,M,Tumble,2.27385,393.091647,1358.820695,1362.887795,0,0,1.02394,1.0277,1.39602,26.7403,2.85805,9.35615,10.944017,10.984228,0,0,100.000307,3.786667,82.333333,8.515,96.826667,Managed,1.834333,0.219415,123.875337,0.023333,70.388368,44.726667,588.143333,58.95
282,13.8472004,362,Hemlock,073-12-I,362,073-12-I,CRB,I,R,Hemlock,1.71306,377.587678,1706.580485,1553.057978,1.93426,1.69565,0.033928,0,0,6.52491,0.471209,13.8472,0.245018,0,13.968635,12.245418,99.999677,5.45,105.25,11.22,91.5475,Reference,2.72425,0.244188,68.754174,0.107,39.130875,5.285,14.2325,34.665
283,91.889801,358,Collins,073-01-I,358,073-01-I,CRB,I,R,Collins,2.35244,377.205072,1271.002348,1379.091113,3.91192,4.14692,0,0,0,4.5879,0.049928,91.889801,0,0,4.257186,4.512932,100.000169,15.38,128.666667,22.905,96.916667,Reference,2.124333,0.793667,18.63823,0.124167,35.463204,4.31,215.243333,17.06
284,47.449501,360,Johnny,073-07-I,360,073-07-I,CRB,I,R,Johnny,1.57493,414.558771,1421.653649,1374.332475,0,0,0,0,13.9121,3.09313,0.065188,47.449501,0,0,0,0,99.999858,9.3625,111.25,18.343333,97.025,Reference,2.783,0.358636,37.654784,0.076125,38.133211,6.3125,718.49,27.07
285,95.3747025,364,Quartz,073-20-I,364,073-20-I,CRB,I,M,Quartz,1.84009,382.052532,1420.265805,1426.630783,1.37599,0.479193,1.84916,0.186055,1.54762,99.0475,1.03851,95.374702,1.938833,0.195078,1.442723,0.502432,99.999996,17.35,106.5,32.31,82.61,Managed,1.007,0.603125,18.621705,0.07725,48.38641,3.22,326.34,32.825
286,101.7269974,363,Skull,073-14-I,363,073-14-I,CRB,I,M,Skull,1.99987,385.695175,1256.983921,1376.257671,2.2329,0.7317,0.769414,1.11477,0.40153,36.0656,0.354532,101.726997,0.756351,1.095849,2.194993,0.719278,100.000452,16.08,108.333333,28.48,89.683333,Managed,1.557,0.551714,16.973449,0.0745,37.599331,3.53,522.33,32.556667
287,76.1913986,1340,Little Weitas,075-04-I,1340,075-04-I,CRB,I,R,Little Weitas,1.21087,397.580631,1442.470663,1492.990683,0.775917,0.452125,0,0,2.41552,23.5657,0.309296,76.191399,0,0,1.018378,0.593407,100.000284,15.633333,113.666667,40.356667,98.333333,Reference,2.143667,0.485913,17.477178,0.073167,19.324089,2.84,705.426667,32.5
288,22.7038002,1538,Smith,075-07-I,1538,075-07-I,CRB,I,R,Smith,1.61367,414.918216,1398.33457,1471.524962,0,0,0,0,0,10.4744,0.461352,22.7038,0,0,0,0,99.999889,5.58,108,13.483333,100,Reference,3.287333,0.268889,31.606451,0.066,15.583545,9.5,66.926667,35.61
289,40.1249008,370,Vanderbilt Gulch,074-11-I,370,074-11-I,CRB,I,R,Vanderbilt Gulch,1.12689,356.348698,1420.117839,1611.255191,0,0,0,0,0,6.17913,0.153998,40.124901,0,0,0,0,100.000056,11.3325,113.25,24.006667,97.1575,Reference,2.03675,0.289286,14.163722,0.12475,12.785975,1.47,147.785,22.99
290,65.5683975,369,Meadow,074-06-I,369,074-06-I,CRB,I,M,Meadow,1.48736,347.314862,1530.102095,1646.501002,0,0,0.582978,0.040001,0.021199,20.0789,0.306229,65.568398,0.889114,0.061006,0,0,99.999783,15.3125,131,29.41,97.5,Managed,1.502,0.771917,10.00556,0.1325,26.919056,5.165,59.4025,14.91
291,50.7509995,1343,Gravey,075-10-I,1343,075-10-I,CRB,I,M,Gravey,1.69535,380.458577,1414.956978,1633.068285,0,0,1.73137,2.68443,1.40615,82.6755,1.62904,50.750999,3.4115,5.289403,0,0,99.999721,10.463333,101.333333,26.596667,100,Managed,1.288333,0.3925,30.59802,0.077667,45.977814,10.136667,343.68,42.466667
292,50.7871017,366,Little Moose,074-02-I,366,074-02-I,CRB,I,R,Little Moose,2.70337,392.959748,1413.014803,1539.736277,2.25359,3.02279,0,0,43.8064,0,0,50.787102,0,0,4.43732,5.951895,100.000407,9.2825,111.5,19.08,98.81,Reference,2.2075,0.359315,32.908247,0.113625,36.513678,6.7025,332.0675,32.1375
293,39.6413994,368,Osier,074-04-I,368,074-04-I,CRB,I,M,Osier,3.09547,425.85968,1256.608128,1376.246443,0,0,7.04554,3.12156,2.11905,128.753,3.24795,39.641399,17.77319,7.874493,0,0,98.609688,6.9025,109.75,18.013333,90.635,Managed,1.189,0.355875,28.053802,0.050875,39.527963,6.905,123.935,32.545
294,39.0960007,372,Swamp,074-14-I,372,074-14-I,CRB,I,M,Swamp,2.48034,393.77587,1386.26882,1523.941354,0.3962,0.905531,1.18181,0.018565,6.14182,10.3375,0.264412,39.096001,3.022833,0.047486,1.013402,2.316172,99.999956,6.776667,113.333333,15.705,96.213333,Managed,1.845,0.307056,27.662231,0.079333,37.446289,1.953333,259.866667,24.343333
295,43.2764015,365,Long,074-01-I,365,074-01-I,CRB,I,M,Long,1.32229,343.907716,1638.026568,1693.984732,0,0,0,0,0,15.7521,0.363989,43.276401,0,0,0,0,99.999929,10.4825,106.75,21.586667,95.8325,Managed,1.28275,0.352375,13.442061,0.10675,22.24345,5.16,23.22,34.9
296,1.1065,1342,Howard,075-06-I,1342,075-06-I,CRB,I,M,Howard,0.970397,328.383652,1505.804993,1904.611913,0,0,0,0,0,2.59742,2.34741,1.1065,0,0,0,0,100.000399,2.05,70,4.356667,96.746667,Managed,0.747667,0.359703,154.771091,0.002,89.896872,83.03,259.576667,69.286667
297,55.3311005,1341,Toboggan,075-05-I,1341,075-05-I,CRB,I,M,Toboggan,1.41179,383.974184,1419.652759,1584.464312,0.130374,0.005072,0,0,0.17861,17.8735,0.323029,55.3311,0,0,0.235624,0.009168,99.999996,8.223333,115.333333,19.683333,100,Managed,1.818,0.260222,30.435595,0.0985,32.457997,9.04,11.35,24.243333
298,53.5433006,1338,Cayuse,075-02-I,1338,075-02-I,CRB,I,M,Cayuse,1.0028,340.311421,1728.091111,1864.80095,0,0,0,0,0.000186,13.6024,0.254045,53.543301,0,0,0,0,99.999781,13.37,113,31.15,99.306667,Managed,1.411,0.616667,13.865998,0.087333,27.338584,3.11,273.13,32.536667
299,33.8003998,371,S.F. Kelly,074-13-I,371,074-13-I,CRB,I,R,S.F. Kelly,0.960809,330.35135,1769.433714,1836.612622,0,0,0,0,0,0,0,33.8004,0,0,0,0,100.000092,9.1625,128.25,24.033333,97.7275,Reference,2.637333,0.250625,21.438349,0.09875,15.150844,1.5725,30.6325,18.5375
300,38.012001,367,M.F. Kelly,074-03-I,367,074-03-I,CRB,I,R,M.F. Kelly,0.90952,351.743407,1645.632376,1784.692756,0,0,0,0,0,0,0,38.012001,0,0,0,0,99.999955,10.57,128,23.816667,99.4325,Reference,2.320667,0.258958,8.975084,0.1155,6.718833,0.56,30.4825,14.6825
301,20.8379993,1811,W.F. Floodwater,071-10-I,1811,071-10-I,CRB,I,M,W.F. Floodwater,1.3989,324.65457,1238.981661,1505.779955,0,0,0.342137,0,0.272843,8.3404,0.417072,20.837999,1.641888,0,0,0,95.966497,9.94,118.666667,24.88,99.206667,Managed,3.897,0.346333,28.453228,0.115333,15.14009,16.75,334.466667,29.14
302,66.5998001,352,Foehl,071-03-I,352,071-03-I,CRB,I,R,Foehl,1.54576,348.568665,1316.039721,1448.914082,4.9471,3.33145,0.025891,0,0.496116,16.5075,0.247861,66.5998,0.038875,0,7.428105,5.002198,100.000277,13.4025,113.5,21.1325,98.78,Reference,2.303,0.554366,21.617945,0.135375,39.543138,1.186667,307.5875,23.86
303,128.625,2081,Storm,076-15-I,2081,076-15-I,CRB,I,R,Storm,0.760438,361.5395,1363.496225,1887.95541,14.5136,11.3623,0,0,0,4.81758,0.037454,128.625,0,0,11.283659,8.833658,100.000201,15.723333,123.666667,23.6,99.206667,Reference,1.965667,0.555,10.148849,0.217333,14.987707,2.53,281.03,21.426667
304,19.7460003,195,Calf,045-05-I,195,045-05-I,CRB,I,R,Calf,0.72443,330.176583,1105.000642,2001.835536,1.03717,1.49687,0,0,0,0,0,19.746,0,0,5.252575,7.580606,99.999942,1.7275,82.25,5.48,100,Reference,1.18275,0.2575,124.611433,0.024,49.998132,19.5775,0,57.6775
305,11.9119997,2693,Otter,045-06-I,2693,045-06-I,CRB,I,R,Otter,1.13329,290.31757,1316.509993,2053.959212,1.25967,1.4865,0,0,0,0,0,11.912,0,0,10.574831,12.479038,100.000115,7.2,110.666667,20.233333,99.123333,Reference,0.665333,0.399833,26.966209,0.017,30.202974,39.613333,633.766667,23.99
306,30.3859005,292,S.F. Lolo,060-14-I,292,060-14-I,CRB,I,R,S.F. Lolo,0.831995,300.591371,1616.073864,2071.765541,5.55666,4.87986,0,0,0,0,0,30.385901,0,0,18.28698,16.059616,99.988424,11.5775,84.5,16.24,94.84,Reference,0.623333,0.762341,31.627011,0.013375,60.201956,39.7825,1266.345,58.015
307,130.4279938,3006,Keeler,025-02-I,3006,025-02-I,CRB,I,M,Keeler,1.24843,262.533002,1236.395343,1325.19974,0,0,6.76735,14.609,7.79871,196.649,1.50772,130.427994,5.188572,11.200828,0,0,97.774535,22.11,131.333333,41.293333,95.986667,Managed,1.564,0.4775,11.288374,0.099667,17.773822,0.723333,211.166667,15.843333
